/*
MySQL Data Transfer
Source Host: localhost
Source Database: sedd
Target Host: localhost
Target Database: sedd
Date: 20-Nov-23 4:45:55 PM
*/


create database sedd;

use sedd;


SET FOREIGN_KEY_CHECKS=0;
-- ----------------------------
-- Table structure for attacker
-- ----------------------------
DROP TABLE IF EXISTS `attacker`;
CREATE TABLE `attacker` (
  `id` int(11) NOT NULL auto_increment,
  `user` text,
  `fname` text,
  `sk` text,
  `dt` text,
  `attacktype` text,
  PRIMARY KEY  (`id`)
) ENGINE=InnoDB DEFAULT CHARSET=utf8;

-- ----------------------------
-- Table structure for audit_log
-- ----------------------------
DROP TABLE IF EXISTS `audit_log`;
CREATE TABLE `audit_log` (
  `id` int(11) NOT NULL auto_increment,
  `fname` text,
  `owner` text,
  `trapdoor` text,
  `audit_status` text,
  PRIMARY KEY  (`id`)
) ENGINE=InnoDB DEFAULT CHARSET=utf8;

-- ----------------------------
-- Table structure for cloud
-- ----------------------------
DROP TABLE IF EXISTS `cloud`;
CREATE TABLE `cloud` (
  `name` text,
  `pass` text
) ENGINE=InnoDB DEFAULT CHARSET=utf8;

-- ----------------------------
-- Table structure for cloudserver
-- ----------------------------
DROP TABLE IF EXISTS `cloudserver`;
CREATE TABLE `cloudserver` (
  `id` int(11) NOT NULL auto_increment,
  `fname` text,
  `ct` text,
  `trapdoor` text,
  `sk` text,
  `rank` int(11) default NULL,
  `dt` text,
  `downer` text,
  `enckey` text,
  `dupli_check` text,
  PRIMARY KEY  (`id`)
) ENGINE=InnoDB DEFAULT CHARSET=utf8;

-- ----------------------------
-- Table structure for deduplication_log
-- ----------------------------
DROP TABLE IF EXISTS `deduplication_log`;
CREATE TABLE `deduplication_log` (
  `id` int(11) NOT NULL auto_increment,
  `current_file` text,
  `current_file_owner` text,
  `present_file` text,
  `present_file_owner` text,
  `trapdoor` text,
  `status` text,
  PRIMARY KEY  (`id`)
) ENGINE=InnoDB DEFAULT CHARSET=utf8;

-- ----------------------------
-- Table structure for downer
-- ----------------------------
DROP TABLE IF EXISTS `downer`;
CREATE TABLE `downer` (
  `id` int(11) NOT NULL auto_increment,
  `name` text,
  `pass` text,
  `email` text,
  `mobile` text,
  `addr` text,
  `dob` text,
  `gender` text,
  `pin` text,
  `location` text,
  `imagess` longblob,
  `status` text,
  PRIMARY KEY  (`id`)
) ENGINE=InnoDB DEFAULT CHARSET=utf8;

-- ----------------------------
-- Table structure for encryptkey
-- ----------------------------
DROP TABLE IF EXISTS `encryptkey`;
CREATE TABLE `encryptkey` (
  `id` int(11) NOT NULL auto_increment,
  `downer` text,
  `fname` text,
  `enkey` text,
  `dt` text,
  PRIMARY KEY  (`id`)
) ENGINE=InnoDB DEFAULT CHARSET=utf8;

-- ----------------------------
-- Table structure for ownerfiles
-- ----------------------------
DROP TABLE IF EXISTS `ownerfiles`;
CREATE TABLE `ownerfiles` (
  `id` int(11) NOT NULL auto_increment,
  `fname` text,
  `ct` text,
  `trapdoor` text,
  `sk` text,
  `rank` int(11) default NULL,
  `dt` text,
  `downer` text,
  `enckey` text,
  PRIMARY KEY  (`id`)
) ENGINE=InnoDB DEFAULT CHARSET=utf8;

-- ----------------------------
-- Table structure for request
-- ----------------------------
DROP TABLE IF EXISTS `request`;
CREATE TABLE `request` (
  `id` int(11) NOT NULL auto_increment,
  `user` text,
  `owner` text,
  `fname` text,
  `secretkey` text,
  `decryptkey` text,
  PRIMARY KEY  (`id`)
) ENGINE=InnoDB DEFAULT CHARSET=utf8;

-- ----------------------------
-- Table structure for results
-- ----------------------------
DROP TABLE IF EXISTS `results`;
CREATE TABLE `results` (
  `fname` text,
  `tdelay` text,
  `tpt` text
) ENGINE=InnoDB DEFAULT CHARSET=utf8;

-- ----------------------------
-- Table structure for search
-- ----------------------------
DROP TABLE IF EXISTS `search`;
CREATE TABLE `search` (
  `id` int(11) NOT NULL auto_increment,
  `user` text,
  `keyword` text,
  `dt` text,
  PRIMARY KEY  (`id`)
) ENGINE=InnoDB DEFAULT CHARSET=utf8;

-- ----------------------------
-- Table structure for shared_files
-- ----------------------------
DROP TABLE IF EXISTS `shared_files`;
CREATE TABLE `shared_files` (
  `id` int(11) NOT NULL auto_increment,
  `dupli_file` text,
  `dupli_file_owner` text,
  `shared_file` text,
  `shared_file_owner` text,
  PRIMARY KEY  (`id`)
) ENGINE=InnoDB DEFAULT CHARSET=utf8;

-- ----------------------------
-- Table structure for transaction
-- ----------------------------
DROP TABLE IF EXISTS `transaction`;
CREATE TABLE `transaction` (
  `id` int(11) NOT NULL auto_increment,
  `user` text,
  `fname` text,
  `task` text,
  `dt` text,
  PRIMARY KEY  (`id`)
) ENGINE=InnoDB DEFAULT CHARSET=utf8;

-- ----------------------------
-- Table structure for user
-- ----------------------------
DROP TABLE IF EXISTS `user`;
CREATE TABLE `user` (
  `id` int(11) NOT NULL auto_increment,
  `name` text,
  `pass` text,
  `email` text,
  `mobile` text,
  `addr` text,
  `dob` text,
  `gender` text,
  `pin` text,
  `location` text,
  `imagess` longblob,
  `status` text,
  PRIMARY KEY  (`id`)
) ENGINE=InnoDB DEFAULT CHARSET=utf8;

-- ----------------------------
-- Records 
-- ----------------------------
INSERT INTO `attacker` VALUES ('13', 'tmksmanju', 'Bigdata.txt', '[B@1734b4834343', '23/06/2021   18:39:36', 'Secret Key Attack');
INSERT INTO `attacker` VALUES ('14', 'Attacker', 'Android.txt', '43d192b58a0b57d3ec710e77b8b9f771e24aa0c', '23/06/2021   18:41:36', 'Content Attack');
INSERT INTO `attacker` VALUES ('15', 'Attacker', 'CAuth.jsp', '-36f5c87440c564e721f61fbe41d02e596a3945a6', '16/11/2023   18:15:55', 'Content Attack');
INSERT INTO `audit_log` VALUES ('4', 'Android.txt', 'Arjun', '43d192b58a0b57d3ec710e77b8b9f771e24aa0c', 'Recovered');
INSERT INTO `audit_log` VALUES ('5', 'CAuth.jsp', 'Raviraj', '-36f5c87440c564e721f61fbe41d02e596a3945a6', 'Recovered');
INSERT INTO `cloud` VALUES ('cloud', 'cloud');
INSERT INTO `cloudserver` VALUES ('43', 'Android.txt', 'QW5kcm9pZCBpcyBhIG1vYmlsZSBvcGVyYXRpbmcgc3lzdGVtIGRldmVsb3BlZCBieSBHb29nbGUsIGJhc2VkIG9uIHRoZSBMaW51eCBrZXJuZWwgYW5kIGRlc2lnbmVkIHByaW1hcmlseSBmb3IgdG91Y2hzY3JlZW4gbW9iaWxlIGRldmljZXMgc3VjaCBhcyBzbWFydHBob25lcyBhbmQgdGFibGV0cy4gQW5kcm9pZCB1c2VyIGludGVyZmFjZSBpcyBtYWlubHkgYmFzZWQgb24gZGlyZWN0IG1hbmlwdWxhdGlvbiwgdXNpbmcgdG91Y2ggZ2VzdHVyZXMgdGhhdCBsb29zZWx5IGNvcnJlc3BvbmQgdG8gcmVhbC13b3JsZCBhY3Rpb25zLCBzdWNoIGFzIHN3aXBpbmcsIHRhcHBpbmcgYW5kIHBpbmNoaW5nLCB0byBtYW5pcHVsYXRlIG9uLXNjcmVlbiBvYmplY3RzLCBhbG9uZyB3aXRoIGEgdmlydHVhbCBrZXlib2FyZCBmb3IgdGV4dCBpbnB1dC4gSW4gYWRkaXRpb24gdG8gdG91Y2hzY3JlZW4gZGV2aWNlcywgR29vZ2xlIGhhcyBmdXJ0aGVyIGRldmVsb3BlZCBBbmRyb2lkIFRWIGZvciB0ZWxldmlzaW9ucywgQW5kcm9pZCBBdXRvIGZvciBjYXJzLCBhbmQgQW5kcm9pZCBXZWFyIGZvciB3cmlzdCB3YXRjaGVzLCBlYWNoIHdpdGggYSBzcGVjaWFsaXplZCB1c2VyIGludGVyZmFjZS4gVmFyaWFudHMgb2YgQW5kcm9pZCBhcmUgYWxzbyB1c2VkIG9uIGdhbWUgY29uc29sZXMsIGRpZ2l0YWwgY2FtZXJhcywgUENzIGFuZCBvdGhlciBlbGVjdHJvbmljcy4=', '902d177dba1deedd45dc411b9653401a566ec36', '[B@1bed3d1', '5', 'MjMvMTAvMjAxNyAgIDE3OjQ3OjQ2', 'Arjun', 'gs10z6rp2t6i1c6y', 'Verified');
INSERT INTO `cloudserver` VALUES ('44', 'Angular_JS.txt', 'QW5ndWxhckpTICBpcyBhIEphdmEgU2NyaXB0IGJhc2VkIG9wZW4tc291cmNlIGZyb250LWVuZCB3ZWIgYXBwbGljYXRpb24gZnJhbWV3b3JrIG1haW5seSBtYWludGFpbmVkIGJ5IEdvb2dsZSBhbmQgYnkgYSBjb21tdW5pdHkgb2YgaW5kaXZpZHVhbHMgYW5kIGNvcnBvcmF0aW9ucyB0byBhZGRyZXNzIG1hbnkgb2YgdGhlIGNoYWxsZW5nZXMgZW5jb3VudGVyZWQgaW4gZGV2ZWxvcGluZyBzaW5nbGUtcGFnZSBhcHBsaWNhdGlvbnMuIFRoZSBKYXZhU2NyaXB0IGNvbXBvbmVudHMgY29tcGxlbWVudCBBcGFjaGUgQ29yZG92YSwgdGhlIGZyYW1ld29yayB1c2VkIGZvciBkZXZlbG9waW5nIGNyb3NzLXBsYXRmb3JtIG1vYmlsZSBhcHBzLg==', '1864ac18a3b311f3e72299cc258bdc6077453b62', '[B@4e50ee', '0', 'MjMvMTAvMjAxNyAgIDE3OjU0OjAy', 'Arjun', 'jr07y6py8n4e2b9e', 'Verified');
INSERT INTO `cloudserver` VALUES ('45', 'Bigdata.txt', 'QmlnIGRhdGEgaXMgYSB0ZXJtIGZvciBkYXRhIHNldHMgdGhhdCBhcmUgc28gbGFyZ2Ugb3IgY29tcGxleCB0aGF0IHRyYWRpdGlvbmFsIGJpZyBkYXRhIHByb2Nlc3NpbmcgYXBwbGljYXRpb24gc29mdHdhcmUgaXMgaW5hZGVxdWF0ZSB0byBkZWFsIHdpdGggdGhlbS4gQmlnIGRhdGEgY2hhbGxlbmdlcyBpbmNsdWRlIGNhcHR1cmluZyBkYXRhLCBkYXRhIHN0b3JhZ2UsIGRhdGEgYW5hbHlzaXMsIHNlYXJjaCwgc2hhcmluZywgdHJhbnNmZXIsIHZpc3VhbGl6YXRpb24sIHF1ZXJ5aW5nLCB1cGRhdGluZyBhbmQgaW5mb3JtYXRpb24gcHJpdmFjeS4=', '16497c75596c9ecbdafdb1dc65ab7d79d581d29f', '[B@1734b48', '2', 'MjMvMTAvMjAxNyAgIDE3OjU0OjM2', 'Arjun', 'wg74g4yc1a6i2a7t', 'Verified');
INSERT INTO `cloudserver` VALUES ('46', 'PHP.txt', 'UEhQIGlzIGEgc2VydmVyIHNpZGUgc2NyaXB0aW5nIGxhbmd1YWdlIGRlc2lnbmVkIHByaW1hcmlseSBmb3Igd2ViIGRldmVsb3BtZW50IGJ1dCBhbHNvIHVzZWQgYXMgYSBnZW5lcmFsIHB1cnBvc2UgcHJvZ3JhbW1pbmcgbGFuZ3VhZ2UuIE9yaWdpbmFsbHkgY3JlYXRlZCBieSBSYXNtdXMgTGVyZG9yZiBpbiAxOTk0LHRoZSBQSFAgcmVmZXJlbmNlIGltcGxlbWVudGF0aW9uIGlzIG5vdyBwcm9kdWNlZCBieSBUaGUgUEhQIERldmVsb3BtZW50IFRlYW0uWzVdIFBIUCBvcmlnaW5hbGx5IHN0b29kIGZvciBQZXJzb25hbCBIb21lIFBhZ2UsWzRdIGJ1dCBpdCBub3cgc3RhbmRzIGZvciB0aGUgcmVjdXJzaXZlIGFjcm9ueW0gUEhQIEh5cGVydGV4dCBQcmVwcm9jZXNzb3Iu', 'ebe33083dc11e8a9e7a323ee9cdb380e8ee133d', '[B@190dc79', '0', 'MjMvMTAvMjAxNyAgIDE3OjU1OjA2', 'Arjun', 'hi04v9vq5l9i4s7u', 'Verified');
INSERT INTO `cloudserver` VALUES ('47', 'GST.txt', 'VGhlIHJlZm9ybSBwcm9jZXNzIG9mIEluZGlhJ3MgaW5kaXJlY3QgdGF4IHJlZ2ltZSB3YXMgc3RhcnRlZCBpbiAxOTg2IGJ5IFZpc2h3YW5hdGggUHJhdGFwIFNpbmdoLCBGaW5hbmNlIE1pbmlzdGVyIGluIFJhaml2IEdhbmRoae+/vXMgZ292ZXJubWVudCwgd2l0aCB0aGUgaW50cm9kdWN0aW9uIG9mIHRoZSBNb2RpZmllZCBWYWx1ZSBBZGRlZCBUYXggKE1PRFZBVCkuIFN1YnNlcXVlbnRseSwgTWFubW9oYW4gU2luZ2gsIHRoZW4gRmluYW5jZSBNaW5pc3RlciB1bmRlciBvZiBQIFYgTmFyYXNpbWhhIFJhbywgaW5pdGlhdGVkIGVhcmx5IGRpc2N1c3Npb25zIG9uIGEgVmFsdWUgQWRkZWQgVGF4IGF0IHRoZSBzdGF0ZSBsZXZlbC5BIHNpbmdsZSBjb21tb24gR29vZHMgYW5kIFNlcnZpY2VzIFRheCBHU1Qgd2FzIHByb3Bvc2VkIGFuZCBnaXZlbiBhIGdvLWFoZWFkIGluIDE5OTkgZHVyaW5nIGEgbWVldGluZyBiZXR3ZWVuIHRoZW4gUHJpbWUgTWluaXN0ZXIgQXRhbCBCaWhhcmkgVmFqcGF5ZWUgYW5kIGhpcyBlY29ub21pYyBhZHZpc29yeSBwYW5lbCwgd2hpY2ggaW5jbHVkZWQgdGhyZWUgZm9ybWVyIFJCSSBnb3Zlcm5vcnMgSUcgUGF0ZWwsIEJpbWFsIEphbGFuIGFuZCBDIFJhbmdhcmFqYW4uIFZhanBheWVlIHNldCB1cCBhIGNvbW1pdHRlZSBoZWFkZWQgYnkgdGhlIHRoZW4gZmluYW5jZSBtaW5pc3RlciBvZiBXZXN0IEJlbmdhbCwgQXNpbSBEYXNndXB0YSB0byBkZXNpZ24gYSBHU1QgbW9kZWw=', '-5d5c4ff4eda6238daa459a510635922ea192d057', '[B@800aa1', '2', 'MjMvMTAvMjAxNyAgIDE4OjMwOjMx', 'Manjunath', 'fk96i1kj9w8t8p0e', 'Verified');
INSERT INTO `cloudserver` VALUES ('48', 'Drmonetization.txt', 'VGhlIFJlc2VydmUgQmFuayBvZiBJbmRpYSBzYWlkIGluIGl0cyBhbm51YWwgcmVwb3J0IG9uIEF1Zy4gMzAgdGhhdCA5OSBwZXJjZW50LCBvciBhcm91bmQgMTUuMjggdHJpbGxpb24gcnVwZWVzICQyMzguNyBiaWxsaW9uLCBvZiB0aGUgZGVtb25ldGl6ZWQgNTAwIGFuZCAxLDAwMC1ydXBlZSBub3RlcyB3ZXJlIGRlcG9zaXRlZCBvciBleGNoYW5nZWQgZm9yIG5ldyBjdXJyZW5jeS4gVGhhdCBmaWd1cmUgc3VnZ2VzdHMgdGhhdCBtb3N0IHBlb3BsZSBpbmNsdWRpbmcgY29ycnVwdCBvZmZpY2lhbHMsIGJ1c2luZXNzbWVuIGFuZCBjcmltaW5hbHMgc2FpZCB0byBoYXZlIGhvYXJkZWQgdGhlaXIgaWxsaWNpdCB3ZWFsdGggaW4gY2FzaCDvv70gaGF2ZSBtYW5hZ2VkIHRvIHByZXNlcnZlIHRoZWlyIGZvcnR1bmVzLg==', '90d9351a8a06b8a2aa6a3da841feaca578b28b3', '[B@45aa2c', '0', 'MjMvMTAvMjAxNyAgIDE4OjMwOjUz', 'Manjunath', 'mm72s2vv6n2s6z1a', 'Verified');
INSERT INTO `cloudserver` VALUES ('49', 'Social_Network.txt', 'DQoNCkEgc29jaWFsIG5ldHdvcmsgaXMgYSBzb2NpYWwgc3RydWN0dXJlIG1hZGUgdXAgb2YgYSBzZXQgb2Ygc29jaWFsIGFjdG9ycyAoc3VjaCBhcyBpbmRpdmlkdWFscyBvciBvcmdhbml6YXRpb25zKSwgc2V0cyBvZiBkeWFkaWMgdGllcywgYW5kIG90aGVyIHNvY2lhbCBpbnRlcmFjdGlvbnMgYmV0d2VlbiBhY3RvcnMuIFRoZSBzb2NpYWwgbmV0d29yayBwZXJzcGVjdGl2ZSBwcm92aWRlcyBhIHNldCBvZiBtZXRob2RzIGZvciBhbmFseXppbmcgdGhlIHN0cnVjdHVyZSBvZiB3aG9sZSBzb2NpYWwgZW50aXRpZXMgYXMgd2VsbCBhcyBhIHZhcmlldHkgb2YgdGhlb3JpZXMgZXhwbGFpbmluZyB0aGUgcGF0dGVybnMgb2JzZXJ2ZWQgaW4gdGhlc2Ugc3RydWN0dXJlcy5bMV0gVGhlIHN0dWR5IG9mIHRoZXNlIHN0cnVjdHVyZXMgdXNlcyBzb2NpYWwgbmV0d29yayBhbmFseXNpcyB0byBpZGVudGlmeSBsb2NhbCBhbmQgZ2xvYmFsIHBhdHRlcm5zLCBsb2NhdGUgaW5mbHVlbnRpYWwgZW50aXRpZXMsIGFuZCBleGFtaW5lIG5ldHdvcmsgZHluYW1pY3Mu', '-28c45966979bcd6c593baeda9e6dfc6218ea1d46', '[B@1257687', '1', 'MjMvMTAvMjAxNyAgIDE4OjMxOjE0', 'Manjunath', 'ug05g9uu7s0k0k0f', 'Verified');
INSERT INTO `cloudserver` VALUES ('50', 'CAuth.jsp', 'PCFET0NUWVBFIGh0bWwgUFVCTElDICItLy9XM0MvL0RURCBYSFRNTCAxLjAgVHJhbnNpdGlvbmFsLy9FTiIgImh0dHA6Ly93d3cudzMub3JnL1RSL3hodG1sMS9EVEQveGh0bWwxLXRyYW5zaXRpb25hbC5kdGQiPg0KPCVAIHBhZ2UgbGFuZ3VhZ2U9ImphdmEiIGNvbnRlbnRUeXBlPSJ0ZXh0L2h0bWw7IGNoYXJzZXQ9SVNPLTg4NTktMSINCiAgICBwYWdlRW5jb2Rpbmc9IklTTy04ODU5LTEiJT4NCgk8JUBwYWdlIGltcG9ydCA9ImphdmEudXRpbC4qIiU+DQo8JUAgaW5jbHVkZSBmaWxlPSJjb25uZWN0LmpzcCIgJT4NCiAgICA8JUBwYWdlIGltcG9ydCA9ImphdmEudXRpbC4qLGphdmEuc2VjdXJpdHkuS2V5LGphdmEudXRpbC5SYW5kb20samF2YXguY3J5cHRvLkNpcGhlcixqYXZheC5jcnlwdG8uc3BlYy5TZWNyZXRLZXlTcGVjLG9yZy5ib3VuY3ljYXN0bGUudXRpbC5lbmNvZGVycy5CYXNlNjQiJT4NCiAgICA8JUAgcGFnZSBpbXBvcnQ9ImphdmEuc3FsLiosamF2YS51dGlsLlJhbmRvbSxqYXZhLmlvLlByaW50U3RyZWFtLGphdmEuaW8uRmlsZU91dHB1dFN0cmVhbSxqYXZhLmlvLkZpbGVJbnB1dFN0cmVhbSxqYXZhLnNlY3VyaXR5LkRpZ2VzdElucHV0U3RyZWFtLGphdmEubWF0aC5CaWdJbnRlZ2VyLGphdmEuc2VjdXJpdHkuTWVzc2FnZURpZ2VzdCxqYXZhLmlvLkJ1ZmZlcmVkSW5wdXRTdHJlYW0iICU+DQo8JUAgcGFnZSBpbXBvcnQgPSJqYXZhLnNlY3VyaXR5LktleSxqYXZhLnNlY3VyaXR5LktleVBhaXIsamF2YS5zZWN1cml0eS5LZXlQYWlyR2VuZXJhdG9yLGphdmF4LmNyeXB0by5DaXBoZXIiJT4NCiA8JUBwYWdlIGltcG9ydCA9ImphdmEudXRpbC4qLGphdmEudGV4dC5TaW1wbGVEYXRlRm9ybWF0LGphdmEudXRpbC5EYXRlLGphdmEuaW8uRmlsZUlucHV0U3RyZWFtLGphdmEuaW8uRmlsZU91dHB1dFN0cmVhbSxqYXZhLmlvLlByaW50U3RyZWFtIiU+DQoNCjxodG1sIHhtbG5zPSJodHRwOi8vd3d3LnczLm9yZy8xOTk5L3hodG1sIj4NCjxoZWFkPg0KPHRpdGxlPkNsb3VkIDwvdGl0bGU+DQo8bWV0YSBodHRwLWVxdWl2PSJDb250ZW50LVR5cGUiIGNvbnRlbnQ9InRleHQvaHRtbDsgY2hhcnNldD1VVEYtOCIgLz4NCjxsaW5rIGhyZWY9InN0eWxlLmNzcyIgcmVsPSJzdHlsZXNoZWV0IiB0eXBlPSJ0ZXh0L2NzcyIgLz4NCjxzY3JpcHQgdHlwZT0idGV4dC9qYXZhc2NyaXB0IiBzcmM9ImpzL2N1Zm9uLXl1aS5qcyI+PC9zY3JpcHQ+DQo8c2NyaXB0IHR5cGU9InRleHQvamF2YXNjcmlwdCIgc3JjPSJqcy9hcmlhbC5qcyI+PC9zY3JpcHQ+DQo8c2NyaXB0IHR5cGU9InRleHQvamF2YXNjcmlwdCIgc3JjPSJqcy9jdWZfcnVuLmpzIj48L3NjcmlwdD4NCjxzdHlsZSB0eXBlPSJ0ZXh0L2NzcyI+DQo8IS0tDQouc3R5bGUyMSB7Zm9udC1zaXplOiAxNHB4fQ0KLnN0eWxlMjQge2NvbG9yOiAjRkYwMDAwfQ0KLnN0eWxlMjYge2ZvbnQtc2l6ZTogMTRweDsgY29sb3I6ICNGRjAwMDA7IGZvbnQtd2VpZ2h0OiBib2xkOyB9DQotLT4NCjwvc3R5bGU+DQo8L2hlYWQ+DQo8Ym9keT4NCjxkaXYgY2xhc3M9Im1haW4iPg0KICA8ZGl2IGNsYXNzPSJtZW51X25hdiI+DQogICAgPGRpdiBjbGFzcz0ibWVudV9uYXZfcmVzaXplIj4NCiAgICAgIDx1bD4NCgkJCTxsaSBjbGFzcz0iYWN0aXZlIj48YSBocmVmPSJDX0xvZ2luLmpzcCI+Q2xvdWQ8L2E+PC9saT4NCiAgICAgICAgICAgIDxsaT48YSBocmVmPSJDX0xvZ2luLmpzcCI+TG9nb3V0IDwvYT48L2xpPg0KICAgICAgPC91bD4NCiAgICA8L2Rpdj4NCiAgICA8ZGl2IGNsYXNzPSJjbHIiPjwvZGl2Pg0KICA8L2Rpdj4NCiAgPGRpdiBjbGFzcz0iaGVhZGVyIj4NCiAgICA8ZGl2IGNsYXNzPSJoZWFkZXJfcmVzaXplIj4NCiAgICAgIDxkaXYgY2xhc3M9ImxvZ28iPg0KICAgICAgICA8aDE+U2VjdXJlIGFuZCBFZmZpY2llbnQgRGF0YSBEZWR1cGxpY2F0aW9uIGluIEpvaW50Q2xvdWQgU3RvcmFnZTwvaDE+DQogICAgICA8L2Rpdj4NCiAgICA8L2Rpdj4NCiAgPC9kaXY+DQogIDxkaXYgY2xhc3M9ImNvbnRlbnQiPg0KICAgIDxkaXYgY2xhc3M9ImNvbnRlbnRfcmVzaXplIj4NCiAgICAgIDxkaXYgY2xhc3M9Im1haW5iYXIiPg0KICAgICAgICA8ZGl2IGNsYXNzPSJhcnRpY2xlIj4NCiAgICAgICAgICA8aDI+PHNwYW4+QXV0aG9yaXplIFVzZXJzIDwvc3Bhbj48L2gyPg0KICAgICAgICAgIDxwPiZuYnNwOzwvcD4NCiAgICAgICAgICA8dGFibGUgd2lkdGg9IjUwMCIgYm9yZGVyPSIxIiBzdHlsZT0iYm9yZGVyLWNvbGxhcHNlOmNvbGxhcHNlIiBjZWxscGFkZGluZz0iMCIgY2VsbHNwYWNpbmc9IjAiICBhbGlnbj0iY2VudGVyIj4NCiAgICAgICAgICAgIDx0cj4NCiAgICAgICAgICAgICAgPHRkIHdpZHRoPSIxMDgiIGhlaWdodD0iMzAiIGJnY29sb3I9IiNGRkZGMDAiPjxkaXYgYWxpZ249ImNlbnRlciIgY2xhc3M9InN0eWxlMjEgc3R5bGUyNCI+PHN0cm9uZz4gSUQgPC9zdHJvbmc+PC9kaXY+PC90ZD4NCiAgICAgICAgICAgICAgPHRkIHdpZHRoPSIxODMiIGJnY29sb3I9IiNGRkZGMDAiPjxkaXYgYWxpZ249ImNlbnRlciIgY2xhc3M9InN0eWxlMjYiPkVuZCBVc2VyICBOYW1lIDwvZGl2PjwvdGQ+DQogICAgICAgICAgICAgIDx0ZCB3aWR0aD0iMTcxIiBiZ2NvbG9yPSIjRkZGRjAwIj48ZGl2IGFsaWduPSJjZW50ZXIiIGNsYXNzPSJzdHlsZTI2Ij4gU3RhdHVzIDwvZGl2PjwvdGQ+DQogICAgICAgICAgICAgIDwlCSAgDQoJCQkgIA0KCQkJICANCglTdHJpbmcgczE9IiIsczI9IiIsczM9IiIsczQ9IiIsczU9IiIsczY9IiIsczc9IiIsczgsczk9IiIsczEwLHMxMSxzMTIsczEzOw0KCWludCBpPTAsaj0wLGs9MDsNCiAgICAgIAl0cnkgDQoJew0KICAgICAgCQlTdHJpbmcgcXVlcnk9InNlbGVjdCAqIGZyb20gdXNlciI7IA0KICAgICAgICAgICBTdGF0ZW1lbnQgc3Q9Y29ubmVjdGlvbi5jcmVhdGVTdGF0ZW1lbnQoKTsNCiAgICAgICAgICAgUmVzdWx0U2V0IHJzPXN0LmV4ZWN1dGVRdWVyeShxdWVyeSk7DQoJd2hpbGUgKCBycy5uZXh0KCkgKQ0KCSAgIHsNCgkJaT1ycy5nZXRJbnQoMSk7DQoJCXMyPXJzLmdldFN0cmluZygyKTsNCgkJczU9cnMuZ2V0U3RyaW5nKDEyKTsNCgkJJT4NCiAgICAgICAgICAgIDwvdHI+DQogICAgICAgICAgICA8dHI+DQogICAgICAgICAgICAgIDx0ZCBoZWlnaHQ9IjI4Ij48ZGl2IGFsaWduPSJjZW50ZXIiPjwlPWklPjwvZGl2PjwvdGQ+DQogICAgICAgICAgICAgIDx0ZD48ZGl2IGFsaWduPSJjZW50ZXIiPjxhIGhyZWY9IkNfVXNlckRldGFpbHMuanNwP25hbWU9PCU9czIlPiI+PCU9czIlPjwvYT48L2Rpdj48L3RkPg0KICAgICAgICAgICAgICA8JQkNCgkJCWlmKHM1LmVxdWFsc0lnbm9yZUNhc2UoIldhaXRpbmciKSkNCgkJCXsNCgkJCQ0KCQklPg0KICAgICAgICAgICAgICA8dGQ+PGRpdj4NCiAgICAgICAgICAgICAgICAgIDxkaXYgYWxpZ249ImNlbnRlciI+PGEgaHJlZj0iQ19TdGF0dXNVc2VyLmpzcD9pZD08JT1pJT4iPjwlPXM1JT48L2E+PC9kaXY+DQogICAgICAgICAgICAgIDwvZGl2PjwvdGQ+DQogICAgICAgICAgICAgIDwlDQoJCQ0KCQkJfWVsc2UNCgkJCXsNCgkJJT4NCiAgICAgICAgICAgICAgPHRkIHdpZHRoPSIyOCI+PGRpdj4NCiAgICAgICAgICAgICAgICAgIDxkaXYgYWxpZ249ImNlbnRlciI+PCU9czUlPjwvZGl2Pg0KICAgICAgICAgICAgICA8L2Rpdj48L3RkPg0KICAgICAgICAgICAgPC90cj4NCiAgICAgICAgICAgIDwlDQoJCQkgIH0NCgkgIH0NCiAgICAgICAgICAgY29ubmVjdGlvbi5jbG9zZSgpOw0KICAgICAgICAgIH0NCiAgICAgICAgIA0KICAgICAgICAgIGNhdGNoKEV4Y2VwdGlvbiBlKQ0KICAgICAgICAgIHsNCiAgICAgICAgICAgIG91dC5wcmludGxuKGUuZ2V0TWVzc2FnZSgpKTsNCiAgICAgICAgICB9DQolPg0KICAgICAgICAgIDwvdGFibGU+DQogICAgICAgICAgPHA+Jm5ic3A7PC9wPg0KICAgICAgICAgIDxwIGFsaWduPSJyaWdodCI+PGEgaHJlZj0iQ19NYWluLmpzcCI+QmFjazwvYT48L3A+DQogICAgICAgIDwvZGl2Pg0KICAgICAgPC9kaXY+DQogICAgICA8ZGl2IGNsYXNzPSJzaWRlYmFyIj4NCiAgICAgICAgPGRpdiBjbGFzcz0ic2VhcmNoZm9ybSI+DQogICAgICAgICAgPGZvcm0gaWQ9ImZvcm1zZWFyY2giIG5hbWU9ImZvcm1zZWFyY2giIG1ldGhvZD0icG9zdCIgYWN0aW9uPSIjIj4NCiAgICAgICAgICAgIDxpbnB1dCBuYW1lPSJidXR0b25fc2VhcmNoIiBzcmM9ImltYWdlcy9zZWFyY2hfYnRuLmdpZiIgY2xhc3M9ImJ1dHRvbl9zZWFyY2giIHR5cGU9ImltYWdlIiAvPg0KICAgICAgICAgICAgPHNwYW4+DQogICAgICAgICAgICA8aW5wdXQgbmFtZT0iZWRpdGJveF9zZWFyY2giIGNsYXNzPSJlZGl0Ym94X3NlYXJjaCIgaWQ9ImVkaXRib3hfc2VhcmNoIiBtYXhsZW5ndGg9IjgwIiB2YWx1ZT0iU2VhcmNoIiB0eXBlPSJ0ZXh0IiAvPg0KICAgICAgICAgICAgPC9zcGFuPg0KICAgICAgICAgIDwvZm9ybT4NCiAgICAgICAgICA8ZGl2IGNsYXNzPSJjbHIiPjwvZGl2Pg0KICAgICAgICA8L2Rpdj4NCiAgICAgICAgPGRpdiBjbGFzcz0iZ2FkZ2V0Ij4NCiAgICAgICAgICA8aDIgY2xhc3M9InN0YXIiPk1lbnU8L2gyPg0KICAgICAgICAgIDx1bCBjbGFzcz0ic2JfbWVudSI+DQogICAgICAgICAgICA8bGk+PGEgaHJlZj0iQ19NYWluLmpzcCI+SG9tZTwvYT48L2xpPg0KICAgICAgICAgICAgPGxpPjxhIGhyZWY9IkNfQXV0aG9Pd25lci5qc3AiPkF1dGhvcml6ZSBEYXRhIE93bmVycyA8L2E+PC9saT4NCiAgICAgICAgICAgIDxsaT48YSBocmVmPSJDX0xvZ2luLmpzcCI+TG9nb3V0PC9hPjwvbGk+DQogICAgICAgICAgPC91bD4NCiAgICAgICAgPC9kaXY+DQogICAgICAgIDxkaXYgY2xhc3M9ImdhZGdldCI+DQogICAgICAgICAgPHVsIGNsYXNzPSJleF9tZW51Ij48bGk+PC9saT4NCiAgICAgICAgICA8L3VsPg0KICAgICAgICA8L2Rpdj4NCiAgICAgIDwvZGl2Pg0KICAgICAgPGRpdiBjbGFzcz0iY2xyIj48L2Rpdj4NCiAgICA8L2Rpdj4NCiAgPC9kaXY+DQogIDxkaXYgY2xhc3M9ImZiZyI+PC9kaXY+DQogIDxkaXYgY2xhc3M9ImZvb3RlciI+PC9kaXY+DQo8L2Rpdj4NCjxkaXYgYWxpZ249Y2VudGVyPjwvZGl2Pg0KPC9ib2R5Pg0KPC9odG1sPg0K', '-2cf8b5a5c00d9612223b5cd35addd3ec63ac3a18', '[B@1a5770', '3', 'MTYvMTEvMjAyMyAgIDE4OjExOjEy', 'Raviraj', 'ml19y2kf2v0c4e1b', 'Verified');
INSERT INTO `downer` VALUES ('5', 'Arjun', 'Arjun', 'Arjun.123@gmail.com', '9535866270', '#8928,3rd cross,Malleswaram', '05/06/1987', 'Male', '560055', 'Bangalore', 0x89504E470D0A1A0A0000000D49484452000000C9000000FA08030000003CF693340000010B504C54452E5E99FFFFFFFFD9B51E4A85FFB068FFAE64FFDBB9FFAD6124518C2B5A951F4B86285691003E7F25528D1A48842A599400347AFFAA5900337A003A7D0040806161FFFFAB5C11448219497E0C4281F7F8FAFFC69300377BD8DDE6FFBC80FFD0A5FFEBDCFFC088536E9AFFC9988999B6B5BED0FFB572FFE1CAEAEDF27185A9FFB666C2CAD89EABC28E9DB9EEF0F4788BADABB6CAFFF6EF3250A5505AFFFFD1AC4C6897595EEF3F5F915F77A0FFB5584456C64A58D3BCC5D4274C93DFE3EBFFB878FFDFC6776C7DBF8F73B18671F1A96A3F5583F9AD7B857287575E80D299706E687E00287A89757BD79B9D2F4FA17068F5C993ADE8A488997BD97A6CEFA581D0EFA462A682776162CE796D9338F34CF90000122149444154789CED9DF77BE2381AC74D31065C282678082D0C0909218599244BE63697CCF6726DF7766FEFFEFFBFE4AC577203DBAAF6CC93BBF797C99321D81FBD455FC992AC558AB677EF4E4ECE919D9CBC2BF23A5A81DF7DF271BEA8F77AC3E1D040E6FFDB1BAEC6F7E7C500154572529DF57C00BDBE6FBA31ECE9CB8FEA690A2139591AC31488384E6F55550CA39EE4DDDC181E50E8875C46EFE5A3CAEBAA26397FE9197100C3A8AF5E66B3C562319BBDAC74438F3319BDB93AC7A825F9588FDCA11BF5D978795F6DC4AD3A5F2E56464463F4C6AA5854929CD787913366CB7BB8F57D43BF9C8F57611AE9AA58D4919CBC0C238C791A441CA71AC1E8BDB98AEB2B2359F68280592DABB91801CCFD228832C33897BF0145242706C97303B9838A4160AAE33A61E92DA46F410D49E010E365CE8A411CB3242CBA71F21990BC5B6187E82B3E0ECC320EDC22992D0A48CE8943F4253707B054670609CC4F4C72DF2381551502412C73D21475997A2C4DB2C4B5D7107348E09617EC969E44B2C8922C0C9C21F7122088652C8D2249424066721CD528C27AC23D8B1C09063116D22028C256722852243824A452246E2B5D26C06448E643A520D5C60B4611AB6012248D9E5A9010452F99E44439888F0201A6BF944B827364AC1204A1E0E629936406ADA7A26A254DB88089925421DB5F948334E6E0EB217FD60B92BCC3624B350742591AD0D7964582C3995FC4B3A040DC0EB96790C4481A28B674C5D91EA280BB87E5904092AC8A0121A9C25DBF8448963AC45631203ECA4217502D222490EE0514E0C87481A4172181262BA26E05D6580A38458004BB44A94A394059F13B4580044F86140942929ECF29FC2425B82470CAB858927BA370978499C2A359F8498C023BC5180A8888FB2249CE51AF6814CC81265B74CE311737099460F9B914BA21DF0F39729E9BA45768F71E59630685A53892F332F21D48B0242A8E04856FA1422542D1F9C28B97042A5709C145C28BA37A71929CC0C0A40C97E0F0E29866E124691825552E64A0588A22813429BC5BC4069D237BA27092143BC4DA23814469144302EAD12829B870A230AB483E1248F8A2C6EF07364711B02A86E4639909CF99F27C2448D19795F024E599953D1F0994AE8207593192154FF1E22341D383E5F4F040828AD79075B29B8F640502A2341234823058A755F9488C52465921090A66A35A084939E3C52409AB86E42329B363245DA3C1BA30879FA41C25FC7F121E92D7115DAF27E35F4F157E3D3DE3EB512BCB57A3205F8FAA7F3D23ADD733FAC53312258134F0B8AE18924ABDB4C9D48267895ED1CCDDEB994D2D7D869BFD99FCE7FED4815575F1932C4B7B12542DF849103CFA7D154FE7F0B0B190C5767B24105C1CBB6BB849C6AFE62976A92B0BEA1C37F63FBCDAE315ADC0793DABA2F07ACE8257AA092C1F145E3D5868A6409614BF7A101762BD489071392B3ACB5A65BBE0BB2BA195CF789175712B9F67DC854B9404AF462F2AE9C96A74DE6DC062241F8745C617341387769421A9BCE845EFDAE0DE15F4F9EDA4814D92BCE92E4E8277A01430F545763771C796C48EB305DE8FA01C45789FA9F82E40B8A4922DBF71C3D92E727CC1E7B6335340A64893543EAADF2D8BF730F38CAF949054EE55EF60C620027B196549C8C90BCA76CC7EBA5DE5E10679253BFDEF21B0C4CF5F903C7D01A3E8E2E77A8420735D0E44FA448C3139564952B87CFA13317C854F8E5B91499646956CF1E799DF524E829F3D4A45181EB5FBADF1E94E8E399E9E5D3F9A5F5DD603B788B034EEC9B13106D7548A3292E3CDD5DAE9BBD6C07346DF7D8B5974816C695417E4BCACCB6F6EB7D3E372496E9E4ECDBE3BF06AC41CEBEBC02D2BF6D3BB80A33126A7915DD67FB64603B7DFB93DBB2889647ABDEB5B23A71637C7FDB91EB0BC089D4476F993831BC6F1ACAE737B765334C9F476304950E09FDB4DCF0BDCE2E7ED98ED74B8F92C38E9EEB2FE951BFF56CFEAEFAEA6C5915C5C7BAE578B9BD36E9A664BF3CD8FB01FBF0D587463967FD45DA3D1B81FD7837323F5CB6F3C2FD62EF8C7C1A47DFD5C08C9E6A13FDA8300066C360AB11FBEFF500F615EC6F3B45314F1A1908B7A788AE2E587BF7D37706A8EA675CC663BE1EFD1C4BE622F018C24DB76CCFD4EDBEE68496BC1EFEF7EFFFE43EC644BFD65B19C274FB6BC9F8F67F1932D7D8EDFBE7C8302947C51C76EC66106FD356B9431916C3D2BE2689A5A8AA1FF79F3E5D1DD3F7FFD100419A2D17D1E386E74860E1BAD1B46FCB051FDF2F2977FDC1DFDB9EDFF6DFC4B3B76CC37DE64F7A48A64D38E38D2317078D5DA7F3F3A3ABAFBED977A8C25DB2E3FFCFAFBD1DDD1D117C825CEFEF799916B1CB779A682E4E6ED24E068676104E1F5E608D9DDDD7FBEAE5FE6D35C5E7EFBC7BFEFE0E37F8A07570226F48CE3DA1B6992AB3E292B4E733F3752C30BD917DEC0FDF18F9F8C61CA21C33A3A29F95F5FFFF58DEBBD870F1F0657AC79ECD02F93075A21CB27397E70C937357331B458789170B1BC9B77E7F7E3D5109D5E4DACD7D367CBC64965FB17CF6FEE37EFA34F677E6D27708CD33F9520D904FD47B39579A9B0FD82F0825BAB79CDB07E9213C54F62278A9FF5E1D3EFF3822BFCE28065E0E496B13C92AB3EC98FFCB82246C2EB0024D522949CE00A599A0E835B72486E27F8EF6D160E125EEFD9406228F9C145ACD3C66D6AEDB2055936C9A385FF9A1E58A4E5A20E8D0EE2A39076AA51828B9819647E6611CB24793BC019C2C8A1E1F022E58145639C461A2E3FB8883549845D7192608FB046165850321D9B492C3D84DD2D35B8B011B74C32922583648D41981A2BB020BC1C9305E4B81FBA8421B8F00570B6B86B0E926BE8461CA69A155970675D169F6C5CBEE002C328562A4A2AC9A62F02128697CB225F4FD118A1CD115CB14B58B78C2417A0B4F8420B59105E168BE0B3D1353AA6C31E5C602664977BCD46B2834FF3243B313472F1FF7244D115D05A5DEC0DFFCEF85A0CA374B72C24A71667F90DCDAE691D74836FE924671649759327B82294FE41041F924CFB3CF52461A81385EE8B4EB2F602B7730731546367B05F560E4930B3080818947CFA94150CDE58E5C39E411FE9ED3BFE80E4CAE22B8CFB86CA914B1D174D2732CD05EAD8DDEBECF7498EA16E09C5163694F2832C4511B5D7403015B14189EC273DBF4F728BCABC23E87664288ABDF45E38662055C41DDF826E62974772D1172CC0D1454079514040AAF016ADB8410FE9264AF11EC97A2495EEC8C0F114BD0252452284896E71B349B04BC4BD1E5C83A65740AA88A78946E22BD10527496E3D6997408DA4E9152C55A42F53EBC78690099263052E8194A7E89540AA4819742A31299920B91EC8BB8445AF845245C6CC3DA72448060A5C82F58A7B70F7718BA48AE475E2CE8F933CB90A5CC2A25764A44A64767254172781EE4AAAA28051F58A9C5489AC96901331125C82A59B8AAE5724A54AE2428E934202F92E9B871A835E792B27552273E2DE8F91B4155D80A65770AD97BF0EEE53C2368B48207A658B3C186A917E3689BC5409AC13CFF988044F76A8B80045AFC84B95D0E2F31F1189A3A4334146D12B0AA44A60766CF01892A82A8D1A4DAF28912AC45A31E11D925CABF379BE5E5122550243816C3D25496C55A551C37AC5CA2251235588D951F50A4854FA3C5FAFA8912AC43A51A305245B45DD22589E5E51988FC8A0D1A6711265FD2EB2668E5E5125556297B2AEE2245D359A0B5B9E5E51DA64E4528F31928D1A414F2C4FAF74950617BED42446A2B0DF4596AD57D449156261A2101285FD2EB26CBDA2B8C948A26C4312A53558CBD32B2ABB2D301014EB904469BFABE5E815D54D467A94664802538FAAFA5D2D47AFA86E320DE72452F69804E650D5A549B65E512A55B005390924176AFB5D2D5BAF586A2B0B32B43C07A53C906C2DC505254BAF28962A60414E6AA1CF990A0ADB02A94CBDC225550E16C0A61BE4E40321F158A58AC9FA943E43AFF04815D6CAD02239A971A50973DDC9D02B3C52C5667DB406D312374072C69A2636FB0A10A88DFB207CEACE618C4352BC10C92D6B6964FD6E2D43AFF0499526233414AF332061155D4D8E47A9A97A854FAA74183F0B0B4CAE1109EBE3CB16874B52F5CA0DA754693B4C5949AA8BC62EB49B3C7791A65778A58AC91603505D768884B1C873B924F57910B75471D83E8DCBB0C6DC2F3257C5F0EBF7F58AC5ABEE18731ECAF0B146A651E937C9B0223D6E877A855FAA986CFD35BAD4E459AB1CB375578C411BDAA15EB9E257776CC1D8848AAF55A66C09CF3BAC38D42B02B32A6CE10515FF496314C226EF4D404549ACB71578F8C7165E360CE535DCF1529DD87678C5F8BE5E119A88620A2F130259C34EA7559416EFC2CB43BD2234ABD2645D73EF9D6A15A6A52A36FF34C2BE5E314566554C96EB76202535B6D22530A4DCD32B37624BBA58E021251FB5E70943E9EA080CBEF7F48AE0AC4A9B457DC0953426D5C52AB01396D42B82B32A2C57C6C24B631A6609CD5724F5CA406C228AA90E43C1D7403F5262D1149AD949E815E1591596A2590367C09352CA8785822BF690464CAA606349941A24080C7D292D2E760F09BD22FC0088A5156BE0EF477AC72852B9B43DBD22BC4EC96424696B6FE98F62C5828BACB795902A602D0657D660132C2C4FA37D506CA635A657AEC59F93D26B37AC94D8693BAADB595A25D5627A4548AA60A3A73C84F18366537DC23BC60A2DDA1F242855826FA17C82A8153A09931E4DB348AFC83C00A2F78D44419A5412F10712B5E07990CC03A016B57212554FCD13E13489E91541A9828DDACB9391D603AD0AB314F40C0BF4CAB3D403206A4CE0CA827BC63C12D1DE448BF48AB05421DF42F9535CEDB5354DADB0089F0C0BF48ADC5A156AC5C141AC9DD26620F947F0A1057A456E790F75040C2415AAAAA7978E1CC3EB572497F7D0CA3014FB5D853AD2629CD14C3788E06709A982AC43B903D2016BB429487A179B6390F29B9DE45A15CA1F1351A4DD50E656847B786478C1A5272E55C02824E8FEBB17150DF75AD9EE935A7200CBC5BD9AB85421B790270F204DDAE829F6637EF1925B66520B4CEE4BF21AB3590BD648A0E295FD6844AA74C54864BE24BF47AB1121419E3A64260AAD70506F8298C477E4A72A04175A08A9552A6EDE485E4275E19BC026B5BC279704828BACB9CB95DC5245383C23456EBD601E09EC358583717C92272BC7FD524598142F19A942BB079B542EBC026792D36A92249A239F26B97181BE1C96A646EB56326E58420993BF974E933C129425641A1D914CBBD9755296A4299F267924C8E583EB90046FC94C778AECFA4BD8082AB9AC369B04BB24B62768939D29B224A6AC54D17248E0CB834974BCCA7697793289C4380BAC252B55B41C925A58B842129C2969179425D164A58A964D02D5A4BFB7C7146464DAD240E945F06DD91A9CD913400A8EC2651884E4A69B115FD2244DF995C8E92430E5186D608EF6694DD25353C5610CB25B1B52493AFB072D85BB0021BE0E9B4FFA3E24C534B2B4092F7C56D82476E24A4872EC396928F22DCABDE0E5C0527A67ACE71267AB45FB7E9FFB69C2429E447EC1FE21090EAD51629D656C7FFC260D45BA0A6B99471233DBC172487C30D728FB5CA22D4649A4579372182FDDE4779BD87B8D81B5DC1E48F294127CE4ABA36C5F2398D22FD3C25321070F951C92C02BFCC70E9667361EF1B88F955C92CA537010EFA7BEE10C230E493B9F77FF24B2A9450E6655BB994A91118738DD94E3D20FCEB9BBD991D37859B7FF9467C1F486B54BDBB19E761E649F0CBEDBAA9355CA020EA79F7240673A49655A236E7118CEDF2EC9420ECBCC38243DFD2CDBD02DB967D49766D169EFA349E6314119E70B3F3F84E7ED7FF2DC8F4EE0F7FAB7D907E8659E5EBD31C37752389FD0319DE8AD085EFF31EF2CAD9CB3D19FECE8FD1A8EBC7A1230F47287E0E0FD417F9DFF1681FC93F777DDE8D86FA76D9799FFAD18869FE7EE29ED853B94F73A4CD7FD41FCED2ACD52685AB1376D409AEF0E8F13E625F14760DB5D37F982A3B66D1687D332EDE48B693CD73A657A990BCB9B5C9EAFDB938467104ED3ECA8E569A1B7EB242FE28C5CEB96FEBE1076120473B5EB5BC9D71D611E5B1AA8E5BBC16EB7F75A0A5E47D564F30617896F3767EBC124850613F948260754CBF7806937F79D1098674DACF596EF15617CEFD37ADEAEBDAE354AC171623FB4DB3E19981D1AF985FF5FF10FA7410CACAEB7DE72BD804A8004D9CDE6FA71D075079E93774329B74BF9BC9F1596DBF51EAF37022F3813222138DBDB07ABEB5ABE8328374833C7F146036BD2F5DE9E6EA762103224D88EA74F57A78F9D4977E2230D469EEF26462CFFF6FD30B25C77D21FECD6A7DBCDB3C45B001590844417D3A7EDD5E9FAEDAEED37EE6432717DB3021B843FA15F4F26DDAE3B321F1E6FAFAFCE3653C117FFA5981292A4DD5C3C3F4FA79BCDE6E9E92CB2A727FF37D3E9F3C58D74EBA7DB7F01450BD293FFDDAEAF0000000049454E44AE426082, 'Authorized');
INSERT INTO `downer` VALUES ('6', 'Manjunath', 'Manjunath', 'tmksmanju13@gmail.com', '9535866270', '#8928,2nd Block,Rajajinagar', '05/06/1987', 'Male', '560021', 'Bangalore', 0xFFD8FFE000104A46494600010100000100010000FFDB0084000906071312121510121210161516181815131816121716181810171717191B13171D181D2820181A261C15172D312127292B2E2E2E191F3338332C37282D2E2B010A0A0A0E0D0E1810101A2D1D20252D2D2B322D2D2D2D2D2B2D2D2F2D2B2D2D372D2D2D382D2B2E2D2F2D2D2D2B2B2D2D2B2D2D2D2D2B2B2D2D2D2D2D2D2D2D2DFFC000110800CC00CC03012200021101031101FFC4001C0001000202030100000000000000000000000607050802030401FFC40044100001020304070504070605050000000001000203041105126181061321317192F007224151911432A1B1152342526272C1334382B2D1E154637393A2162453C2D2FFC4001801010003010000000000000000000000000001020304FFC40021110101000202020301010100000000000000010211033121411213513222B1FFDA000C03010002110311003F00BBAEE03AC92EE03AC92EE03AC92EE03AC9125DC075925DC075925DC075925DC0759205DC075925DC075925DC075925DC0759205DC075925DC075925DC075925DC0759205DC075925DC075925DC07592EB9A8CC86C7448858D63455CE71A000789250765DC075923B66D21A071FECAA9D29ED798C261C8C36BCEED6BFDDFE16EF771345585B5A4735366B1E3C4703F66B7599346C5AE3C36F7E19E5CB274D8B9ED2B91826912665811BC6B013E81638F68B667F8987E8EFFE56BDCAD9719FFB38119C3F0C3753D6945E83A3F363699698FF006DCAFF004E3FAA7DB5B072DA77673F6366A07F112DF9859E949A87145E86E84F1E6C7870F82D508F2EF66C7B1ED3F89A5BF35F65265F09D7E13DEC779B1C5A7E097827AA4E6BEDB697701D6497701D64A8CD19ED66620DD64D304787BAF0A36201E7E4EF82B86C1B725E72188B2EF63C788DCE69F270A54158E585C7B6B8E73264AEE03AC92EE03AC92EE03AC92EE03AC95562EE03AC92EE03AC92EE03AC92EE03AC902EE03AC92EE03AC92EE03AC92EE03AC902EE03AC92EE03AC92EE03AC92EE03AC902EE03AC92EE03AC92EE03AC92EE03AC902EE03AC92EE03AC92EE03AC92EE03AC902EE03AC92EE03AC92EE03AC92EE03AC902EE03AC92EE03AC92EE03AC97C7500A90D006D3C10792D7B4614B427C78C5AD6305493F00366D27C96BDE9C69AC6B41E46D64069EE431E3E4E7F9BBE4BD3DA5E9799E8E590CD25E11A4303EDB86F8A7CF0C38AC4D8524D04458943F75A7F98AE9E3C3E33758679FCBC477585A2CF8D47C5261B38779C30077712A7365D9B2D2E3EAE132BF79DDE77A9584FA47821B4710A6EEA26A263F48F05F3E90E0A12EB69837BD9EA82DC87F7D9EAABF04FC9348B38D70A3835C3C88047C428D5B1A2F2D1AAE60D53FCDBEED716FF45E46DA80EE734F02172FA4782992C2D950DB56CA892EEBAF1B3ECB87BA787F45F6C3B6634A4511E03CB5C361F10E6FDD70F10A593332D88D2C78041EAAA1D684A6ADD4AD5A7DD38791C5692EFB6766BA6C5683E9742B460DE686B62B40D6C3AED69FBC366D69F02A4B7701D64B55AC0B622C9C764CC13DE6EF07739877B1D815B2FA396C439C978733080A3C6D15DAD7F8B0E20AE6E4E3F8F98DF8F3F93257701D6497701D6497701D6497701D64B3685DC075925DC075925DC075925DC0759205DC075925DC075925DC075925DC075920530094C02530094C0224A60129804A601298040A60129804A601298040A60140BB62B7FD9A4F50CA08931566CDE210F7CFC699A9ED300B5F7B61B44C5B45ECAF760B1B0C0FC5EF38FABBE0B4E2C77933E4BAC50A854A8AEE5EFF00A41639175399ED8968BBC362F2C48A5DBC92B82290444400BBA1CD3DBB9C73DABA5107BD9691F15C63CD078A1CB8AF1228D1B158DD8BE901833464DE46AE38AB6BE11DBBA9C457D02AE57749CD3A14464567BCC707B78B4D54658EE6932EAEDB674C025300BCF674D08D0A1C6681488C6BC707341FD57A29805C4EB29804A60129804A60112530094C02530094C020530094C02530094C0220A60129804A601298040A60129804A601298040A6016ADE95CC6B27665FE71A27C1C47E8B6908C02D52B647FDC47FF5627F3B96FC1DD63CDE9E34445D0C04444044440444404444044441B27D9A46BF664A9D9B21DDE5247C80526A601447B286D2CB81B07DA395F2A5D4C02E1CBFAAECC7A8530094C02530094C028494C02530094C025300814E094E09CA9CA814E094E09CA9CA814E094E09CA9CA814E0B58B4E253553F330FF00CD711C1DDEFD56CEF2AA3FB70B20C39A8734077633035D4DDAD67F5691CAB5E1BFE99F2CF0AD91117539844440444404444044440425165345EC93373506580347BC5EC218DAE3E80A84B6234124CC2B3E561902A20B09FCCE178FCD6769C17C63000000DA0141C02FBCAB86DDDDBB27885382538272A72A05382538272A72A072A72A72A72A072A72A72A72A072A72A72A72A072AC069CE8F09E938903BB7E97E11F28ADDD91DD9ACFF002A72A4BABB2CDB526342731C58F05AE692D703BC386C20AE0AE1ED7F42AF075A3000A815986834AB47EF46206FF3A2A7976E394CA6DC9963ABA11115902222022220222202B9BB13D192C63AD0883BD105C835F0855DAFFE2206431508ECEB435D6846BCFD92F0C8314D685C7C218F1DBE27C02D878309AC686343435A035A06E0D1B000B0E5CFD46BC78FB73E54E54E54E55CEDCE54E54E54E540E54E54E54E540F44F44F44F4501E89E89E89E881E89E89E89E881E89CABE3DC00249680369277003C5535A7FDA13E65E646CFBC5AE371CF60EF4571D9721F886E3E3C15F1C6E555CB298B0BDABE90C48D39120363DE80CBA1AD61EE5EA77AB4F79D5E214195C5A37A09292103DAAD5742BCEEEDD79AB197F65367BCFDBBFC3E2A2BDA0E81BA48FB4CBD624ABA84106F1875DC1C7C5BE4E5D38E58FF318658DEEA0E888B45044440444404459CD11D178D6846D543EEB06D8B10FBAC6FEA7C828B7449B70D129B998733084A442C88F7068EF00D22BB43EF6C228B67DBBB6DDAF8F15ACDA6923290263552515D11AC68111C4D7EBC6FBA7C72D80A9D7671DA511764E79DB3636146778793221FF00DBD563CB8DCA6E35E3CBE3755707A27A2035DBDD4F45CCDCF44F44F44F440F44F44F44F440E54E54E54E5521CA9CA9CA9CA81CA84D369BA9CAAA7ED774D8B6B674BBBBC45261CDF007F74313E3C68A71C6E57511965A9B633B48D397CE44FA3E4AA619371C59BE33EB4B8DFC1F3E0A41A39A3F2D624B19E9C2D74C53896923642843C49F177E8B8767DA2D0ACD9775A53B75B12E970AEDD542A6E1F8CFEB45D7604844B6A67E919A05B2909D49582773883EF38788AEF3E3BB705B5B35A9D7FD6537BDDEDDFA3F61C6B5630B4AD114820D65658FBB77C1EE1E39EFE0A41A53A63252B119251EEBB5BDD88036AD8709C280BF03E5E5B572D3FD2D659D2F56DD319E0B60B31FBE7F08FECB5D66E65F15EE8B11CE73DE6F39C7792531C7E7E6F46597C7C4ED2AED13438C8C4116177A562ED84E06B749DBAB27E47C4287AB33B3AB7E1CCC1758B3A6F3220225DCEDED76F0CAF81076B4E4A0DA49624492987CB44DED3DD7783A19F75E388F8D56B8DBD56794F718C4445754445D92D01D11ED86C69739C435A078B8EE08327A2FA3F167A61B2F0B678BDC773218DEE3FA0F152DD2FD26852B07E89B34DD86DEECC461EF447FDA68771DE720BB2DF9C6D91282CD9770F6B8C03A722B77B411FB369F0F2E1B7C556EA93FD79F4B7F3E0444575568F65FDA09845B2536EAC3346C188EFB07C21B8FDDF23E0AE807F2AD46572F649A70620167CCBBBED1F50F77DA68FDD93F780DDE6173F2F1FB8DB8F3F556A72A72A72A72AC1B1CA9CA9CA9CA815E095E095C425710815E095E095C421778D5A8231DA0E940909573C1698AFAB208FC647BE706EF55C7649A2C66A31B4263BCC86FAB2FEDD64C6F2F3E61A7E3C16274B2D0896BDA6D8508D59784183E4180F7A2FCCD7C8056069DDA4DB3A4A159B29FB68C3530837DE0D3DD73FF00312695F3382DE4F8CD4EEB1DEEEEF51E0B723BEDA9F12309D4939721D30F1B9EF076B479EEA0CCF92B0A7A6E0C8CB3A23AE3214166C007801B1AD1E24EE5E0D06D1B6C84AB608BB7DDDF8CEFBD148DB90D8070557F6C9A526346F6184EFAB846B108DCE8DE5C1A3E2705593E5753A5B7F19BBDA17A4F6EC49E987CCC4AF7B631BE0C86373075BCAC5222E99E1CEE50DE5A439A48208208DE08DA085695B14B66CB136D03DB25052281BDCC1BE9E751DE18821556A53D9C6909939C6171FA98BF5518785D76C0EC8FC2AAB94F73D2D8DF55164525ED0EC1F639D890DA3EA9FF005B048DDAB76F193AA38514695A5DCDAB66853BD0882C9296896CC6009158526C3F6A39D85F4F21B76F1511B1ACD7CCC7872ECF7A23834603C5D90A959FED0ED463E2B24A06C97946EA6181B9D107BF13D6A2BC7CD465E7C2678F28CCE4D3E2C474588E2E7BDC5CF27C5C574A22B2A222202E7062B98E0F69735CD20B483421C3710B8220D92ECFB4A45A12A1E4B4456519187E3A7BE3076FF5527AF05AD5D9FE921909B6C524EA9FF5718785C27DEFE13B7D56CA35E08041690768E1E6B93930F8D7571E5B8FB5E095E095C425710B35CAE212B884AE212B8840AE2143FB54B77D9641E1AEA448DF54CA6F1787788E0DAA985710A8AEDAAD431A7592CD35105A0506E31A2104E74BA15F8E6F25392EB165BB12B19AC646B462DD0D6830E193E0D68ABDFC370C8AF5E82C2369DA31AD6883EAE11D5CB076E040D840C01AF172ECD3889F47D9302CD854D6470D8341BCD685E732EA66A73A2763364E5214B36ED5ADEF9F38876B8FAABE5978B7F55C71EA7E3CBA79A43EC32712302DD6117208FF0035DB01E037E4B5A5EF2E25CE24924924EF24ED24A9EF6CB6F6BE704BB4FD5CB8BBB3718CEDAE390A0F55005A7163A8CF932DD11116ACC44441645B0EFA46C4873476C79276AE2F998550DBDCA5A722AB753BEC8E7DBED3124625357370DCCA1DDAC0D247AB6F7C143AD3917408D125C837A1BDCCE241A0F5D8A98F8B62F97992A51A1C7D925666D43EF81ECD2BFEB44F79E3837F550E26BB4D49F1E3E6A5DA72EF6785296637F710C458D4F1998DDE35C403F10A20A71FD45FC1111595111101111016C0F6456FFB4C9086E70D64B910DD5DE594EE3BD3664B5F94DFB20B63D9E7DB0C9A323B756EF2BE36B4FAD7D567C98EF169C7755B055C42571095C425710B91D2571095C425EC4759A5EC4759A25F1EF00124B68369E016BDE89C3FA46D96C576D698AE8EEAFDC61AB47C1AAE9D389ED4C84CC4045442701C5C2E8F9AAA7B178B0A0BE6A6223D80C383DC692012D15738B7CF6347AAD78FC636B1CFCE5224519BF4869000686148B01C3580D7F988E40AC0D21B504ACB4699750EAD8E701E6E03637334507EC565CBA0CC4F3E97E6231DFBEEB769FF00939DE8B876E56B5C95872C0ED8CFBCEA7FE38743F3212CDE5314CBAC6E4A566233A239D11E497389738F9B89A9F9AEB445D4E711110111107B2C79E3023C28E2B586F6BF2076FC2AADDB6B4284C5A10ED56C481EC8E0C8F1BBDB6AC68DC371ADD6F8F9AA597A1B3D1430C2116308677B0447061E2DAD3E0A99636F98B4B276F45BF68999998D306BF58F7387E5DCD1CA02C7A22BAA2222022220222202EC97987437B62B2A1CC707B7F334D47C975A20DB1B3A7046850E334B69118D78E0E00AF45710A1DD92DA1ADB360824561974235FC2767C08531BD88EB35C394D5D3AE5DCD97B11D6697B11D6697B11D6697B11D66A12F3DA3250E3C27C18A1AE63C16B81F107354CE9476491A113124DE23337DC710D88300773FE055DD7B11D6697B11D66AD8E771E95CB09976D7ED1AD3E9CB3292B121073184FD5C46963DB5353434F3AEF0563BB41D29168CC323358F631B0C3035D4A8754971D9891E8B60AD9B165E6DB7262142883C2ADDA381AD42ACF487B1C1B5F271C0FF2E2EEE01E368CC2DB1CF0DEEF8ACB2C32D6BB5448B2F6E68CCD4A13AF80F68FBC3BCCE61B3D561C15BCBB65A7D4444408888088880888808888088BE13441F5164EC8D1E9A9A3481022BC7DEBB46F31A053AB17B1D8EFA3A663C3843C5ACEFBF854D00F8AADCF19DD5A636F515912A5DA2DD9E4DCED1E46A611FB7106D23F0B779F80572E8F68248C9D1D0E131EF1F6E277DD5F315D832526BD88EB358E5CDF8D71E2FD62345B47E1484012F04922A5CE73B7B9E77B8F96EDCB2F7B11D6697B11D6697B11D66B0B76DA4D17B11D6697B11D66B86B4E09AD38284E9CEF623ACD2F623ACD70D69C135A70434E77B11D6697B11D66B86B4E09AD3821A7276DD84B48E1FDD476D6D07B3E62A624BC20E3F6982E1FF890A41AD3826B4E0A65D748B8ED5A4FF6352AEDB0666343C086C41F120FC56026FB1A996D757352EFF2BCD730FEA15D5AD3826B4E0AF39729ED5BC53F1AFB31D975A2DDD0E13BF2C56FEB458E98D04B459BE5229FCA5AEF915B27AD3826B4E0ADF7D57E88D607E8B4E8D865267FDB27E4B8FF00D3339FE1267FDA77F45B43AD3826B4E0A7EFBF88FA1AC50F44E79DBA4E633611F35EE97ECFAD27EE9570FCCF60FD56C7EB4E09AD3827DF53F445052BD945A0EF784067E68B5F902B3527D8BC53FB59C82D1F821979F57382B8F5A704D69C156F3649FA62BCB3FB1F92650C58B1A29C5C183D1BFD54AACCD119197A1852D0011E25A1CEF5712B33AD3826B4E0A973B7BAB4E393D39838B7ACD2F623ACD70D69C135A70555B4E77B11D6697B11D66B86B4E09AD3821A73BD88EB34BD88EB35C35A704D69C10D3FFFD9, 'Authorized');
INSERT INTO `downer` VALUES ('7', 'Raviraj', 'Raviraj', 'Raviraj123@gmail.com', '9535866270', '#8928,4th Cross,Rajajinagar', '05/06/1987', 'Male', '560021', 'Bangalore', 0xFFD8FFE000104A46494600010100000100010000FFDB008400090607131212100E101210100F0E0F0F0F0F0F10120F0E0F100F1511161615111615181D2820181A251B15152D322126292B2E2E2E171F3338333837282D2E2B010A0A0A0E0D0E1B10101A2D251F25302E2D2B30372D2D2D2E2B2E2B2B2D372D2D2D2B2D372D2B2D2D2F2D2D2D2D2D2B2F2D2D2B2D2D2B2E2B2D362D2D2B2D302DFFC000110800CC00CC03012200021101031101FFC4001C0000010501010100000000000000000000000203040507060108FFC4004310000102030603050507020308030000000100020304110512216181F031417106135191920722425272143262A1B1C1E1238243A3D1244453637383C2F1253334FFC4001A010100030101010000000000000000000000010204030506FFC40026110100020202030001040301000000000000010203110412213141130551617181D1E122FFDA000C03010002110311003F00DBAEE437A22EE437A22EE437A22EE437A2245DC86F445DC86F445DC86F445DC86F4405DC86F445DC86F445DC86F445DC86F4405DC86F445DC86F445DC86F445DC86F4405DC86F445321BD125DD1BBD156DAD6CC19761891DF0E1B47371009C80A5494169A0DE8935C86F459E3FB7F12392DB3A4A24C01877CFFE9411AD3F709989316C3F173E4E5C7CA1B7C8FD506935C86F445721BD1659123DA8DFF7C973FF00687FA28E7B476A43E2E958B4E45B76BFA20D7341BD17B4C86F4596C97B4E731C193B2BDD8269DEC2379A33BA47EEB43B3AD087198C8B08B1F0E20BCD703811E4827DDC86F445DC86F4491D1BBD12A990DE880BB90DE88BB90DE88BB90DE88BB90DE880BB90DE88BB90DE88BB90DE88BB90DE880BB90DE88BB90DE88BB90DE88BB90DE880BB90DE88BB90DE88BB90DE88BB90DE880BB90DE88BB90DE88BB90DE88BB90DE880BB90DE88BB90DE88BB90DE88BB90DE880BB90DE88BB90DE88BB90DE88BB90DE880A6437A24447539377A2F5E69C9BBD170DED23B5A24607B81AE998F5872ECE26F70BF4E6057CE8813DB4EDB09778939560989E8B46B2137DE0C2781753F4555657642AFFB65A8FF00B54C9C44127FA30BF0D39FE8A2F636C7FB231D331C8893D3357C57BB12C0EC6E0CFC4AB19CB4F8F041733168068BAD0C6B40A06B68001900152CDDA5D152CDDA5D1544CDA1D105C4D5A3D1554C4FF4551313EABE34EA0B4999C04106841E212BB376F4EC187DDCAC4862107BCB5911AD7624E3C5737167148B126E8D1F51FD5068F25ED2A6A053EDD28D7C2E06340C2999188FD168F605BF026E188D2EE63DA788E0E61F95C2981591D933DC8D0838107104244F427D9D105AB243FA55026E5862C2C27EF01C87E8506EEDE8DDE8BDBB90DE8AA2C1B519310614C42BAE87198D7B4E4470387156C064DDE883DBB90DE88BB90DE88BB90DE88BB90DE880BB90DE88BB90DE88BB90DE88BB90DE880BB90DE88BB90DE88BB90DE88BB90DE880A64114C822990453208914C822990453208A641014C8208C9BBD114C82F1DD1A88439D8940706AC1DB3C2D0B5634E3B181247BB80DF82F349A1F3A9F25A9FB43B48C0929B8CDBA1CD811030F83DC2EB7F321627D917F752A0FC515CE793CE9C07E43F341DCCE5A7D1534D5A3D1544CCFAAC989D4169333EAB63CEAAD8D36A1459941611A6D448932A0BE3A65D1504B891FF3536CF7DD14F0298B2ECB8D11AE996C28B125E03A915F0DB7EE922A2A0634F1F05218D07DE6905A79851B4BA0B3A72945D8D9536D7B4C378058F696381E6D228566D2F1685743654ED08528761EC827CC2893B653C82652317C2AF1305C7FF5EA5AEC1351C1BBD1609D9F99B96DC178A526A55D0DDE04815FFC42DD245D5030082653208A64114C8229904053208A64114C822990448A64114C8229904532080A64114C822990453208814C822990453208A641014C82445E1C025D3209B8C30E0D4198FB678A459D1C0A62E840D3C2F858FC9CD520C36F8302D87DAEC0BF2133403DD6B5F87E1782560B0663DC68F01441651E6D428B32A2C48CA3BA22090F8E9874548009E155632B65122FC4218C1C5CF3742080C697602AAD2C9B0E2CC46872B05A5F1E29C1A310C6F37BBC000AFF00B33D9C8F3AF10A42112CAD224EC469109839DDAFDE3BCD6F5D85EC341B361D1BFD48EFC62C77D0BDE7F603905599F90B447D948EC7764E148C9C3940038817A23CFDE7C4762E72E2BB7FECB83CBE724290E3E25F08610A3751F0BB30B58A64114C9AAB38E3E7B5BBCFDF4F92EE9BCE63DAE871619BB1213851CC70C949958B42B5FF006AFD85EFD867E55A04DC0152D6FF008D0C7161FD963D0087B43DB8570734F16B8716956ACEFC4FB56D1AF5E9656747FF00E4ACC77E370D082BE88B34E0301C17CD9618ADA567B7C2213F915F48595C070E0ACAAD80C8229905E019357B4C8202990453208A64114C8202990453208A64114C82029D114E88F4A3D280A74453A23D28F4A029D13130EA0F853E7FB5575A0FA03F750515B1230E619120C51587158E86F00DD25AE1438F2E2B13F695D848767C364CCB4488613E2776E87128E2C24120870030C16EB2C4135343CD727ED9E188B20D06941332E30C0D1CF0DFDD61A64B4DF7BFBE9B6F8EB14D6BE7B7CE778F894F4BC2BC6E80F7B8F06B01713A05F4A599EC9ECA8775C6018CEA0358D1623C57E9040FC97596758F2D2E03604081080E1718D6FECB5F665EB2F9D7B3BD80B4A62E9852BF67867FC69AF730F10D389F25A6F677D8D40616C59F8AE9C8831EECFB9001FA471F3A64B4CBFF004A2FFD2A369EAF64E521C26887098C631A281AD000013FE951EFFD28BFF4A98B4423ACA47A51E951EFFD28BFF4A763A9F2070F757CEBED2EC43253F161406D596916C4966FC2C8EE786BC6431AAFA0EFFD2B3BF6A3003E6EC4A815FB6B8681A1D4FC956D6FA98AFC55F64FD9B4195743998B122469B68A975EBB09AE228406D31E27895A259AEA61860BD9B2D2300D0473182892CFA387059F164B7E4D4CEF6D3931D7F1EE235A748C3F4A553A2665CE1F0A7BD2B6B10A74453A23D28F4A029D114E88F4A3D280F4A3D28F4A3D280F4A3D28F4A3D2803FDAAAAD36E0782B5F4A89390AA3E141CCCBC4E230A83F92E7BDA51AC83F8611A58FF9CD57B6841731D7DB4E9E21302761BA8C78157102EB85457964BCECB8AD4BF7AC6E3DBD0C596B7A74B4EA7D3A984FF75BC3EE8FD12EFF00450E0C5AB41C3825DFE8AF1936ACE3D24DFE88BFD146BFD117FA27747449BFD117FA28D7FA22FF0044EE7449BFD117FA28D7FA22FF0044EE7449BFD1711DBF359CB1387FFB231FF24AEBAFF455D6B4668BAE75DF731AD2A413860A2D9350B571EE5EBA2744DC9BAF3F0A5060ABDD397FDD87CFE238792B9B225694E0ADC6C3689ED657939AB31D6ABD96187C29FF004A4426D3E54BF4ADAC43D28F4A3D28F4A03D28F4A3D28F4A03C91E48F24792807923C91E48F4A03C92227F6A4C48B4F95733697692AE740956B62C46E112212440827F13BE277E11F924CE95B5A2BED36D6B8D697BDCC6B40A97388006A570D3B38621FF006584E8B43FFDA7FA3081FA9D4274055945820BBBC8EFFB4451882FC21B32643180EB89CD47999DE8A93667BE79F9E17B64CD12D6DFBA1C40BE01A80FE6015617BA2E26CFB44B6335B816C521AE1E079397590A2F45E6DE2693AF9F1ECF17347231F6FB1EFF00DA55EE88BDD1337FA22FF455ECD1D4F5EE88BDD1337FA22FF44EC753D7BA22F744CDFE8BC2FE89D8EA79D1282B82E53B493916F35B0E0F7CCA9745BAE68703C80078AB4B627FBB86F8981BA3DD1E249A0FD5737293A4E24D493527C495DB0C4DADDA7D43CFE7F223157F1C4F99F7FC47FD5AD816A407B84327BA8BFF000A2B4C37E95C0E8BB89368007DD5C1B8C38ADB9158C7B7F10C4660F10548938D1E5B180EFB4C11FEED15C3BD68FF009710F1E8EF35BE2CF3E99FF76843FB57BE4A9AC5B761CC3498645E69A4486F05B121BBE5734F056ED757E5566889898DC15E48F247A51E4891E48F247923C901E947A51E947A5483D2998D169F2A5447D3E55C276E2D9712C9082EBB1238262BDBC6140E0E3D4F00A2674ADEF148DC936B5B4F9B7BE0407DC96612D8F30D347447738508F21E2EF24C77CD86D10E186B18D183470FE540EF9B0D8D86C01AC60A340F05063CDE61719B3CFC997ECA64C4E7455B1E67A28D1661448919739B30E4CC7DD365AE6BC716383BC8D568F119EEB23C3A3A1456B5E29891515C165315EB4EF6636808D2AE967D0BA5DC40078984EC5BE46A12B15BEEB66AFD339535CB3113ED2A1C5045410478A5DEE89EB46C773098908B71C4B7E13D7C0E6AB99322B75D463F9B5D8791E6B265E3DF1F9F70FACC5C8A64F1EA52EF7445EE89BAF4497BC01525A0789C02CFB68D1D2FE899891B10D142E3C1BFB9F009106FC537610C39C4230FED1CD74366592D862A685E7124E26BE24AD7878B6B79BF8863CDCAAD7C53CCB85EDCBBBA850A1120C48CFBEEC98DFE48F25CCCBC7A277B6B6A7DA2722B9A6B0E11EE61D3851B813ABAAAAE1C45DED68DEA1F1DCAE577CD33B741026BA2B4969DCC2E521C75360CCAB4596C799D247877DC2342788332C1EEC51C1C3E4883E26AE8FB37DA0EFC3A1C4021CC42A08B08E3D1ED3F134F22B88979CCC2766A2BAAC99824098818B79778CF8A13B23FAAE9166EC79B5E5ABB1D5F952BD2A96C1B55B1E1438CC22EC468343C41E6D3982AE41FA5756F89DF987BE947A51E947A5482BD104FD28AE6178E39B50429E8D41C5AB1B8368F7D1E6E649C5F17BB6650D9C005AADB7168D7623EE9FD1609654E5CAB4F071AD735CB24FA61E6DFAF58FEDD3469A50E24C286F984D18AB84CBCAC97497454D97A62FA502B9CB1DED2715DF622D6FB2CDC379348514F7517C28EE0ED0D3F354817A4244EA76AE3C938EF168F8FA06D19F87021BA3467B5B0DA2A49C6B901CC9F058B76BEDD74EC4F747750186B0D83024FCEE239E5C947B52D88F3221B633CB9B058D631BC1B80A5E239B8F8A84174C9966DE21BB97FA95B27FE71F88390AD89D600C6CC3EEB70179AC8869F51152989C988F1E863C57BEEF01831A0F8DD6E15CD39545571FF000CD6E7F22D5EB379D7F72D03B07DB16FBB293546BFEEC3983C1DE0D79E4735D4F6CED8FB2CA448808EF1E3BB843C5EEE7A0A9D1628E6A973B6A468D0E1418AF2F640A8860E2457C4F35DEB9A7AEA5AB17EA768C534B7BF92AF68E7CF9A5072F520AE2F3624E0889E646508B978222B44BBD2CB78532A7409BCD73AD8C9E64D5312574896DC791DCF6027EEC59996A8BA1CD8F0C7807D6F01AFEAB4A80FA8F85625ECFE6AFCF3DDC8C070C7C039B45B3C93B01885A31CEE1EC716DDB1A5D7A22BD115E88AE615DA0573092F39B52AB985E3CE6D41CE5BEEF75D88FBA7F45F3DB0AFA26D86541E0B02B6A44C08F1211E01C4B0F8B0F0DE4B8E5879FCFACCC449B63D3AD728AC7279AE5C261E45AA92D29D69519AE4E35CABA70B552414B05470E4B0E55D394D4F02BDAA683D7B7D34AF53954553779179348EA72ABC25365EBC2E4D262A512904A4972439CA74BC55EB8A69C50E7269CE53A75AD5EB9E9888F27995EB9C997B95A21DEB0EAFD9A1FF006B77FD1771FA9AB7090380C42C83D97D9E417CC9C2FD21B2BE00D5C7CE9E4B6092E0310B4E38D55EEF12B318A36980E6115CC22B9845730BA348AE6104E6D45ECC6F545ECC6F5415F3F0AA38B566DDB6ECFF007EDBCDBA22B01B87857F093E0B558A2BCDBBD5525A7255F9544C6D5B562D1A97CEAF69692D702D734D083C414A6BD68DDAAECBB6355C28C8A060F0303939673392AF82EEEE234B5DCBC08F1079AE16A69E467E34D27F83CD7A71AF509B1138D88B9E98ED44D0F4A0F50C444B111469CA71A587A55F510445EF78A34AFE34ABE82F51BBC47789A47E348BE925E9831124C453A4C633E5E905E9931120C44D2F18CEB9E9A73D36E889A74456D3AD6871CF53EC2B21D331034610DA7DF7E5E0334ED85D9F8930439D5642F98F177D23F75A9D8363361B5AC606B5ADE029F9F55D2B4DFB7A1C7E2F6F36F49FD9F900C6B58D0D6B5A0003C02EB65C50716A87232F40316EF5562DEADDEABBBD4D3DAE6115CC22F6637AA2F6637AA02F6637AA2F6637AA2F6637AA2F6637AA02B9B77AA6A2B2BCDBBD53B7B31BD515CC6F541453F200FCBBD57276DD82C88D2D7B5AE1D311983C968CF6D79B77AA8135280F36EF5504C6FDB05B63B2512192E827BC6F1BA7078E9E2B9C7D5A4B5C0B5C3883810BE819DB2FA797F2B9CB57B3AC8829118D7781A623A1549A7ECC7938759F35F0C8C444A11175768F61E9530625DFC2F151E63154135D9F9987F05F1E2C21CA934963BF16F1F114444A111448A1CDC1ED734FE205BFAA488AABA709C49BDE23BC50FBC47789A47E24B31124C4517BD5225E4E2C4FB90DEECC034F353A5A314CFA062243A22BA93EC8CC3FEF16C3199BCEF21FEABA6B2FB1309B42FAC577E2FBBE9055A292D14E25E7E69C3C8C8C58E6909A4F8BB834752BB4B07B1AD690F8A4447F1BB4F71A7A735D9C858E00000680380000015FC9D9A0786F5578A4436E3E2D29E67CCAAECEB2F87DDE5C9747272807CBBD54881000E6DDEAA4B7AB77AABB4BC60A736EF54AAE637AA2B98DEA8BD98DEA80BD98DEA8BD98DEA8BD98DEA8BD98DEA80BD98DEA8BD98DEA91DE9C91DE9C942745DECC6F545ECC6F548EF4E48EF4E4868BBD98DEABC2736EF549EF4E48EF4E486887C2079B77AA871E481E6DF2FE54FEF4E4BC314E4869CFCC5960FCBE5FCAAE8D6474F2FE575AE89904D3CE410D3898F63578DD3D45556C7ECCC23C61423FD8D5A13C0F00987B4780444D76CE8F64A07FC187E5FCA543EC9C01FE142F4D7F75DF960F00BD6B07804F08FC71FB38E97ECFB1BF7590DBD18D0AC21591D37AAE9D807804F329E0116EAA297B27E9F2FE5594BD9C07CBE5FCAB26BF209C113209B34660CB01CDBBD5496B69CDBBD579DE9C97BDE9C90D175CDBBD517B31BD523BD3923BD3921A2EF6637AA2F6637AA477A72477A724345DECC6F545ECC6F548EF4E48EF4E4869FFD9, 'Authorized');
INSERT INTO `encryptkey` VALUES ('32', 'Arjun', 'Android.txt', 'gs10z6rp2t6i1c6y', '23/06/2021   17:47:46');
INSERT INTO `encryptkey` VALUES ('33', 'Arjun', 'Angular_JS.txt', 'jr07y6py8n4e2b9e', '23/06/2021   17:54:02');
INSERT INTO `encryptkey` VALUES ('34', 'Arjun', 'Bigdata.txt', 'wg74g4yc1a6i2a7t', '23/06/2021   17:54:36');
INSERT INTO `encryptkey` VALUES ('35', 'Arjun', 'PHP.txt', 'hi04v9vq5l9i4s7u', '23/06/2021   17:55:06');
INSERT INTO `encryptkey` VALUES ('36', 'Manjunath', 'GST.txt', 'fk96i1kj9w8t8p0e', '23/06/2021   18:30:31');
INSERT INTO `encryptkey` VALUES ('37', 'Manjunath', 'Drmonetization.txt', 'mm72s2vv6n2s6z1a', '23/06/2021   18:30:53');
INSERT INTO `encryptkey` VALUES ('38', 'Manjunath', 'Social_Network.txt', 'ug05g9uu7s0k0k0f', '23/06/2021   18:31:14');
INSERT INTO `encryptkey` VALUES ('39', 'Raviraj', 'CAuth.jsp', 'ml19y2kf2v0c4e1b', '16/11/2023   18:11:12');
INSERT INTO `ownerfiles` VALUES ('32', 'Android.txt', 'QW5kcm9pZCBpcyBhIG1vYmlsZSBvcGVyYXRpbmcgc3lzdGVtIGRldmVsb3BlZCBieSBHb29nbGUsIGJhc2VkIG9uIHRoZSBMaW51eCBrZXJuZWwgYW5kIGRlc2lnbmVkIHByaW1hcmlseSBmb3IgdG91Y2hzY3JlZW4gbW9iaWxlIGRldmljZXMgc3VjaCBhcyBzbWFydHBob25lcyBhbmQgdGFibGV0cy4gQW5kcm9pZCB1c2VyIGludGVyZmFjZSBpcyBtYWlubHkgYmFzZWQgb24gZGlyZWN0IG1hbmlwdWxhdGlvbiwgdXNpbmcgdG91Y2ggZ2VzdHVyZXMgdGhhdCBsb29zZWx5IGNvcnJlc3BvbmQgdG8gcmVhbC13b3JsZCBhY3Rpb25zLCBzdWNoIGFzIHN3aXBpbmcsIHRhcHBpbmcgYW5kIHBpbmNoaW5nLCB0byBtYW5pcHVsYXRlIG9uLXNjcmVlbiBvYmplY3RzLCBhbG9uZyB3aXRoIGEgdmlydHVhbCBrZXlib2FyZCBmb3IgdGV4dCBpbnB1dC4gSW4gYWRkaXRpb24gdG8gdG91Y2hzY3JlZW4gZGV2aWNlcywgR29vZ2xlIGhhcyBmdXJ0aGVyIGRldmVsb3BlZCBBbmRyb2lkIFRWIGZvciB0ZWxldmlzaW9ucywgQW5kcm9pZCBBdXRvIGZvciBjYXJzLCBhbmQgQW5kcm9pZCBXZWFyIGZvciB3cmlzdCB3YXRjaGVzLCBlYWNoIHdpdGggYSBzcGVjaWFsaXplZCB1c2VyIGludGVyZmFjZS4gVmFyaWFudHMgb2YgQW5kcm9pZCBhcmUgYWxzbyB1c2VkIG9uIGdhbWUgY29uc29sZXMsIGRpZ2l0YWwgY2FtZXJhcywgUENzIGFuZCBvdGhlciBlbGVjdHJvbmljcy4=', '902d177dba1deedd45dc411b9653401a566ec36', '[B@1bed3d1', '0', 'MjMvMTAvMjAxNyAgIDE3OjQ3OjQ2', 'Arjun', 'gs10z6rp2t6i1c6y');
INSERT INTO `ownerfiles` VALUES ('33', 'Angular_JS.txt', 'QW5ndWxhckpTICBpcyBhIEphdmEgU2NyaXB0IGJhc2VkIG9wZW4tc291cmNlIGZyb250LWVuZCB3ZWIgYXBwbGljYXRpb24gZnJhbWV3b3JrIG1haW5seSBtYWludGFpbmVkIGJ5IEdvb2dsZSBhbmQgYnkgYSBjb21tdW5pdHkgb2YgaW5kaXZpZHVhbHMgYW5kIGNvcnBvcmF0aW9ucyB0byBhZGRyZXNzIG1hbnkgb2YgdGhlIGNoYWxsZW5nZXMgZW5jb3VudGVyZWQgaW4gZGV2ZWxvcGluZyBzaW5nbGUtcGFnZSBhcHBsaWNhdGlvbnMuIFRoZSBKYXZhU2NyaXB0IGNvbXBvbmVudHMgY29tcGxlbWVudCBBcGFjaGUgQ29yZG92YSwgdGhlIGZyYW1ld29yayB1c2VkIGZvciBkZXZlbG9waW5nIGNyb3NzLXBsYXRmb3JtIG1vYmlsZSBhcHBzLg==', '1864ac18a3b311f3e72299cc258bdc6077453b62', '[B@4e50ee', '0', 'MjMvMTAvMjAxNyAgIDE3OjU0OjAy', 'Arjun', 'jr07y6py8n4e2b9e');
INSERT INTO `ownerfiles` VALUES ('34', 'Bigdata.txt', 'QmlnIGRhdGEgaXMgYSB0ZXJtIGZvciBkYXRhIHNldHMgdGhhdCBhcmUgc28gbGFyZ2Ugb3IgY29tcGxleCB0aGF0IHRyYWRpdGlvbmFsIGJpZyBkYXRhIHByb2Nlc3NpbmcgYXBwbGljYXRpb24gc29mdHdhcmUgaXMgaW5hZGVxdWF0ZSB0byBkZWFsIHdpdGggdGhlbS4gQmlnIGRhdGEgY2hhbGxlbmdlcyBpbmNsdWRlIGNhcHR1cmluZyBkYXRhLCBkYXRhIHN0b3JhZ2UsIGRhdGEgYW5hbHlzaXMsIHNlYXJjaCwgc2hhcmluZywgdHJhbnNmZXIsIHZpc3VhbGl6YXRpb24sIHF1ZXJ5aW5nLCB1cGRhdGluZyBhbmQgaW5mb3JtYXRpb24gcHJpdmFjeS4=', '16497c75596c9ecbdafdb1dc65ab7d79d581d29f', '[B@1734b48', '0', 'MjMvMTAvMjAxNyAgIDE3OjU0OjM2', 'Arjun', 'wg74g4yc1a6i2a7t');
INSERT INTO `ownerfiles` VALUES ('35', 'PHP.txt', 'UEhQIGlzIGEgc2VydmVyIHNpZGUgc2NyaXB0aW5nIGxhbmd1YWdlIGRlc2lnbmVkIHByaW1hcmlseSBmb3Igd2ViIGRldmVsb3BtZW50IGJ1dCBhbHNvIHVzZWQgYXMgYSBnZW5lcmFsIHB1cnBvc2UgcHJvZ3JhbW1pbmcgbGFuZ3VhZ2UuIE9yaWdpbmFsbHkgY3JlYXRlZCBieSBSYXNtdXMgTGVyZG9yZiBpbiAxOTk0LHRoZSBQSFAgcmVmZXJlbmNlIGltcGxlbWVudGF0aW9uIGlzIG5vdyBwcm9kdWNlZCBieSBUaGUgUEhQIERldmVsb3BtZW50IFRlYW0uWzVdIFBIUCBvcmlnaW5hbGx5IHN0b29kIGZvciBQZXJzb25hbCBIb21lIFBhZ2UsWzRdIGJ1dCBpdCBub3cgc3RhbmRzIGZvciB0aGUgcmVjdXJzaXZlIGFjcm9ueW0gUEhQIEh5cGVydGV4dCBQcmVwcm9jZXNzb3Iu', 'ebe33083dc11e8a9e7a323ee9cdb380e8ee133d', '[B@190dc79', '0', 'MjMvMTAvMjAxNyAgIDE3OjU1OjA2', 'Arjun', 'hi04v9vq5l9i4s7u');
INSERT INTO `ownerfiles` VALUES ('36', 'GST.txt', 'VGhlIHJlZm9ybSBwcm9jZXNzIG9mIEluZGlhJ3MgaW5kaXJlY3QgdGF4IHJlZ2ltZSB3YXMgc3RhcnRlZCBpbiAxOTg2IGJ5IFZpc2h3YW5hdGggUHJhdGFwIFNpbmdoLCBGaW5hbmNlIE1pbmlzdGVyIGluIFJhaml2IEdhbmRoae+/vXMgZ292ZXJubWVudCwgd2l0aCB0aGUgaW50cm9kdWN0aW9uIG9mIHRoZSBNb2RpZmllZCBWYWx1ZSBBZGRlZCBUYXggKE1PRFZBVCkuIFN1YnNlcXVlbnRseSwgTWFubW9oYW4gU2luZ2gsIHRoZW4gRmluYW5jZSBNaW5pc3RlciB1bmRlciBvZiBQIFYgTmFyYXNpbWhhIFJhbywgaW5pdGlhdGVkIGVhcmx5IGRpc2N1c3Npb25zIG9uIGEgVmFsdWUgQWRkZWQgVGF4IGF0IHRoZSBzdGF0ZSBsZXZlbC5BIHNpbmdsZSBjb21tb24gR29vZHMgYW5kIFNlcnZpY2VzIFRheCBHU1Qgd2FzIHByb3Bvc2VkIGFuZCBnaXZlbiBhIGdvLWFoZWFkIGluIDE5OTkgZHVyaW5nIGEgbWVldGluZyBiZXR3ZWVuIHRoZW4gUHJpbWUgTWluaXN0ZXIgQXRhbCBCaWhhcmkgVmFqcGF5ZWUgYW5kIGhpcyBlY29ub21pYyBhZHZpc29yeSBwYW5lbCwgd2hpY2ggaW5jbHVkZWQgdGhyZWUgZm9ybWVyIFJCSSBnb3Zlcm5vcnMgSUcgUGF0ZWwsIEJpbWFsIEphbGFuIGFuZCBDIFJhbmdhcmFqYW4uIFZhanBheWVlIHNldCB1cCBhIGNvbW1pdHRlZSBoZWFkZWQgYnkgdGhlIHRoZW4gZmluYW5jZSBtaW5pc3RlciBvZiBXZXN0IEJlbmdhbCwgQXNpbSBEYXNndXB0YSB0byBkZXNpZ24gYSBHU1QgbW9kZWw=', '-5d5c4ff4eda6238daa459a510635922ea192d057', '[B@800aa1', '0', 'MjMvMTAvMjAxNyAgIDE4OjMwOjMx', 'Manjunath', 'fk96i1kj9w8t8p0e');
INSERT INTO `ownerfiles` VALUES ('37', 'Drmonetization.txt', 'VGhlIFJlc2VydmUgQmFuayBvZiBJbmRpYSBzYWlkIGluIGl0cyBhbm51YWwgcmVwb3J0IG9uIEF1Zy4gMzAgdGhhdCA5OSBwZXJjZW50LCBvciBhcm91bmQgMTUuMjggdHJpbGxpb24gcnVwZWVzICQyMzguNyBiaWxsaW9uLCBvZiB0aGUgZGVtb25ldGl6ZWQgNTAwIGFuZCAxLDAwMC1ydXBlZSBub3RlcyB3ZXJlIGRlcG9zaXRlZCBvciBleGNoYW5nZWQgZm9yIG5ldyBjdXJyZW5jeS4gVGhhdCBmaWd1cmUgc3VnZ2VzdHMgdGhhdCBtb3N0IHBlb3BsZSBpbmNsdWRpbmcgY29ycnVwdCBvZmZpY2lhbHMsIGJ1c2luZXNzbWVuIGFuZCBjcmltaW5hbHMgc2FpZCB0byBoYXZlIGhvYXJkZWQgdGhlaXIgaWxsaWNpdCB3ZWFsdGggaW4gY2FzaCDvv70gaGF2ZSBtYW5hZ2VkIHRvIHByZXNlcnZlIHRoZWlyIGZvcnR1bmVzLg==', '90d9351a8a06b8a2aa6a3da841feaca578b28b3', '[B@45aa2c', '0', 'MjMvMTAvMjAxNyAgIDE4OjMwOjUz', 'Manjunath', 'mm72s2vv6n2s6z1a');
INSERT INTO `ownerfiles` VALUES ('38', 'Social_Network.txt', 'DQoNCkEgc29jaWFsIG5ldHdvcmsgaXMgYSBzb2NpYWwgc3RydWN0dXJlIG1hZGUgdXAgb2YgYSBzZXQgb2Ygc29jaWFsIGFjdG9ycyAoc3VjaCBhcyBpbmRpdmlkdWFscyBvciBvcmdhbml6YXRpb25zKSwgc2V0cyBvZiBkeWFkaWMgdGllcywgYW5kIG90aGVyIHNvY2lhbCBpbnRlcmFjdGlvbnMgYmV0d2VlbiBhY3RvcnMuIFRoZSBzb2NpYWwgbmV0d29yayBwZXJzcGVjdGl2ZSBwcm92aWRlcyBhIHNldCBvZiBtZXRob2RzIGZvciBhbmFseXppbmcgdGhlIHN0cnVjdHVyZSBvZiB3aG9sZSBzb2NpYWwgZW50aXRpZXMgYXMgd2VsbCBhcyBhIHZhcmlldHkgb2YgdGhlb3JpZXMgZXhwbGFpbmluZyB0aGUgcGF0dGVybnMgb2JzZXJ2ZWQgaW4gdGhlc2Ugc3RydWN0dXJlcy5bMV0gVGhlIHN0dWR5IG9mIHRoZXNlIHN0cnVjdHVyZXMgdXNlcyBzb2NpYWwgbmV0d29yayBhbmFseXNpcyB0byBpZGVudGlmeSBsb2NhbCBhbmQgZ2xvYmFsIHBhdHRlcm5zLCBsb2NhdGUgaW5mbHVlbnRpYWwgZW50aXRpZXMsIGFuZCBleGFtaW5lIG5ldHdvcmsgZHluYW1pY3Mu', '-28c45966979bcd6c593baeda9e6dfc6218ea1d46', '[B@1257687', '0', 'MjMvMTAvMjAxNyAgIDE4OjMxOjE0', 'Manjunath', 'ug05g9uu7s0k0k0f');
INSERT INTO `ownerfiles` VALUES ('39', 'CAuth.jsp', 'PCFET0NUWVBFIGh0bWwgUFVCTElDICItLy9XM0MvL0RURCBYSFRNTCAxLjAgVHJhbnNpdGlvbmFsLy9FTiIgImh0dHA6Ly93d3cudzMub3JnL1RSL3hodG1sMS9EVEQveGh0bWwxLXRyYW5zaXRpb25hbC5kdGQiPg0KPCVAIHBhZ2UgbGFuZ3VhZ2U9ImphdmEiIGNvbnRlbnRUeXBlPSJ0ZXh0L2h0bWw7IGNoYXJzZXQ9SVNPLTg4NTktMSINCiAgICBwYWdlRW5jb2Rpbmc9IklTTy04ODU5LTEiJT4NCgk8JUBwYWdlIGltcG9ydCA9ImphdmEudXRpbC4qIiU+DQo8JUAgaW5jbHVkZSBmaWxlPSJjb25uZWN0LmpzcCIgJT4NCiAgICA8JUBwYWdlIGltcG9ydCA9ImphdmEudXRpbC4qLGphdmEuc2VjdXJpdHkuS2V5LGphdmEudXRpbC5SYW5kb20samF2YXguY3J5cHRvLkNpcGhlcixqYXZheC5jcnlwdG8uc3BlYy5TZWNyZXRLZXlTcGVjLG9yZy5ib3VuY3ljYXN0bGUudXRpbC5lbmNvZGVycy5CYXNlNjQiJT4NCiAgICA8JUAgcGFnZSBpbXBvcnQ9ImphdmEuc3FsLiosamF2YS51dGlsLlJhbmRvbSxqYXZhLmlvLlByaW50U3RyZWFtLGphdmEuaW8uRmlsZU91dHB1dFN0cmVhbSxqYXZhLmlvLkZpbGVJbnB1dFN0cmVhbSxqYXZhLnNlY3VyaXR5LkRpZ2VzdElucHV0U3RyZWFtLGphdmEubWF0aC5CaWdJbnRlZ2VyLGphdmEuc2VjdXJpdHkuTWVzc2FnZURpZ2VzdCxqYXZhLmlvLkJ1ZmZlcmVkSW5wdXRTdHJlYW0iICU+DQo8JUAgcGFnZSBpbXBvcnQgPSJqYXZhLnNlY3VyaXR5LktleSxqYXZhLnNlY3VyaXR5LktleVBhaXIsamF2YS5zZWN1cml0eS5LZXlQYWlyR2VuZXJhdG9yLGphdmF4LmNyeXB0by5DaXBoZXIiJT4NCiA8JUBwYWdlIGltcG9ydCA9ImphdmEudXRpbC4qLGphdmEudGV4dC5TaW1wbGVEYXRlRm9ybWF0LGphdmEudXRpbC5EYXRlLGphdmEuaW8uRmlsZUlucHV0U3RyZWFtLGphdmEuaW8uRmlsZU91dHB1dFN0cmVhbSxqYXZhLmlvLlByaW50U3RyZWFtIiU+DQoNCjxodG1sIHhtbG5zPSJodHRwOi8vd3d3LnczLm9yZy8xOTk5L3hodG1sIj4NCjxoZWFkPg0KPHRpdGxlPkNsb3VkIDwvdGl0bGU+DQo8bWV0YSBodHRwLWVxdWl2PSJDb250ZW50LVR5cGUiIGNvbnRlbnQ9InRleHQvaHRtbDsgY2hhcnNldD1VVEYtOCIgLz4NCjxsaW5rIGhyZWY9InN0eWxlLmNzcyIgcmVsPSJzdHlsZXNoZWV0IiB0eXBlPSJ0ZXh0L2NzcyIgLz4NCjxzY3JpcHQgdHlwZT0idGV4dC9qYXZhc2NyaXB0IiBzcmM9ImpzL2N1Zm9uLXl1aS5qcyI+PC9zY3JpcHQ+DQo8c2NyaXB0IHR5cGU9InRleHQvamF2YXNjcmlwdCIgc3JjPSJqcy9hcmlhbC5qcyI+PC9zY3JpcHQ+DQo8c2NyaXB0IHR5cGU9InRleHQvamF2YXNjcmlwdCIgc3JjPSJqcy9jdWZfcnVuLmpzIj48L3NjcmlwdD4NCjxzdHlsZSB0eXBlPSJ0ZXh0L2NzcyI+DQo8IS0tDQouc3R5bGUyMSB7Zm9udC1zaXplOiAxNHB4fQ0KLnN0eWxlMjQge2NvbG9yOiAjRkYwMDAwfQ0KLnN0eWxlMjYge2ZvbnQtc2l6ZTogMTRweDsgY29sb3I6ICNGRjAwMDA7IGZvbnQtd2VpZ2h0OiBib2xkOyB9DQotLT4NCjwvc3R5bGU+DQo8L2hlYWQ+DQo8Ym9keT4NCjxkaXYgY2xhc3M9Im1haW4iPg0KICA8ZGl2IGNsYXNzPSJtZW51X25hdiI+DQogICAgPGRpdiBjbGFzcz0ibWVudV9uYXZfcmVzaXplIj4NCiAgICAgIDx1bD4NCgkJCTxsaSBjbGFzcz0iYWN0aXZlIj48YSBocmVmPSJDX0xvZ2luLmpzcCI+Q2xvdWQ8L2E+PC9saT4NCiAgICAgICAgICAgIDxsaT48YSBocmVmPSJDX0xvZ2luLmpzcCI+TG9nb3V0IDwvYT48L2xpPg0KICAgICAgPC91bD4NCiAgICA8L2Rpdj4NCiAgICA8ZGl2IGNsYXNzPSJjbHIiPjwvZGl2Pg0KICA8L2Rpdj4NCiAgPGRpdiBjbGFzcz0iaGVhZGVyIj4NCiAgICA8ZGl2IGNsYXNzPSJoZWFkZXJfcmVzaXplIj4NCiAgICAgIDxkaXYgY2xhc3M9ImxvZ28iPg0KICAgICAgICA8aDE+U2VjdXJlIGFuZCBFZmZpY2llbnQgRGF0YSBEZWR1cGxpY2F0aW9uIGluIEpvaW50Q2xvdWQgU3RvcmFnZTwvaDE+DQogICAgICA8L2Rpdj4NCiAgICA8L2Rpdj4NCiAgPC9kaXY+DQogIDxkaXYgY2xhc3M9ImNvbnRlbnQiPg0KICAgIDxkaXYgY2xhc3M9ImNvbnRlbnRfcmVzaXplIj4NCiAgICAgIDxkaXYgY2xhc3M9Im1haW5iYXIiPg0KICAgICAgICA8ZGl2IGNsYXNzPSJhcnRpY2xlIj4NCiAgICAgICAgICA8aDI+PHNwYW4+QXV0aG9yaXplIFVzZXJzIDwvc3Bhbj48L2gyPg0KICAgICAgICAgIDxwPiZuYnNwOzwvcD4NCiAgICAgICAgICA8dGFibGUgd2lkdGg9IjUwMCIgYm9yZGVyPSIxIiBzdHlsZT0iYm9yZGVyLWNvbGxhcHNlOmNvbGxhcHNlIiBjZWxscGFkZGluZz0iMCIgY2VsbHNwYWNpbmc9IjAiICBhbGlnbj0iY2VudGVyIj4NCiAgICAgICAgICAgIDx0cj4NCiAgICAgICAgICAgICAgPHRkIHdpZHRoPSIxMDgiIGhlaWdodD0iMzAiIGJnY29sb3I9IiNGRkZGMDAiPjxkaXYgYWxpZ249ImNlbnRlciIgY2xhc3M9InN0eWxlMjEgc3R5bGUyNCI+PHN0cm9uZz4gSUQgPC9zdHJvbmc+PC9kaXY+PC90ZD4NCiAgICAgICAgICAgICAgPHRkIHdpZHRoPSIxODMiIGJnY29sb3I9IiNGRkZGMDAiPjxkaXYgYWxpZ249ImNlbnRlciIgY2xhc3M9InN0eWxlMjYiPkVuZCBVc2VyICBOYW1lIDwvZGl2PjwvdGQ+DQogICAgICAgICAgICAgIDx0ZCB3aWR0aD0iMTcxIiBiZ2NvbG9yPSIjRkZGRjAwIj48ZGl2IGFsaWduPSJjZW50ZXIiIGNsYXNzPSJzdHlsZTI2Ij4gU3RhdHVzIDwvZGl2PjwvdGQ+DQogICAgICAgICAgICAgIDwlCSAgDQoJCQkgIA0KCQkJICANCglTdHJpbmcgczE9IiIsczI9IiIsczM9IiIsczQ9IiIsczU9IiIsczY9IiIsczc9IiIsczgsczk9IiIsczEwLHMxMSxzMTIsczEzOw0KCWludCBpPTAsaj0wLGs9MDsNCiAgICAgIAl0cnkgDQoJew0KICAgICAgCQlTdHJpbmcgcXVlcnk9InNlbGVjdCAqIGZyb20gdXNlciI7IA0KICAgICAgICAgICBTdGF0ZW1lbnQgc3Q9Y29ubmVjdGlvbi5jcmVhdGVTdGF0ZW1lbnQoKTsNCiAgICAgICAgICAgUmVzdWx0U2V0IHJzPXN0LmV4ZWN1dGVRdWVyeShxdWVyeSk7DQoJd2hpbGUgKCBycy5uZXh0KCkgKQ0KCSAgIHsNCgkJaT1ycy5nZXRJbnQoMSk7DQoJCXMyPXJzLmdldFN0cmluZygyKTsNCgkJczU9cnMuZ2V0U3RyaW5nKDEyKTsNCgkJJT4NCiAgICAgICAgICAgIDwvdHI+DQogICAgICAgICAgICA8dHI+DQogICAgICAgICAgICAgIDx0ZCBoZWlnaHQ9IjI4Ij48ZGl2IGFsaWduPSJjZW50ZXIiPjwlPWklPjwvZGl2PjwvdGQ+DQogICAgICAgICAgICAgIDx0ZD48ZGl2IGFsaWduPSJjZW50ZXIiPjxhIGhyZWY9IkNfVXNlckRldGFpbHMuanNwP25hbWU9PCU9czIlPiI+PCU9czIlPjwvYT48L2Rpdj48L3RkPg0KICAgICAgICAgICAgICA8JQkNCgkJCWlmKHM1LmVxdWFsc0lnbm9yZUNhc2UoIldhaXRpbmciKSkNCgkJCXsNCgkJCQ0KCQklPg0KICAgICAgICAgICAgICA8dGQ+PGRpdj4NCiAgICAgICAgICAgICAgICAgIDxkaXYgYWxpZ249ImNlbnRlciI+PGEgaHJlZj0iQ19TdGF0dXNVc2VyLmpzcD9pZD08JT1pJT4iPjwlPXM1JT48L2E+PC9kaXY+DQogICAgICAgICAgICAgIDwvZGl2PjwvdGQ+DQogICAgICAgICAgICAgIDwlDQoJCQ0KCQkJfWVsc2UNCgkJCXsNCgkJJT4NCiAgICAgICAgICAgICAgPHRkIHdpZHRoPSIyOCI+PGRpdj4NCiAgICAgICAgICAgICAgICAgIDxkaXYgYWxpZ249ImNlbnRlciI+PCU9czUlPjwvZGl2Pg0KICAgICAgICAgICAgICA8L2Rpdj48L3RkPg0KICAgICAgICAgICAgPC90cj4NCiAgICAgICAgICAgIDwlDQoJCQkgIH0NCgkgIH0NCiAgICAgICAgICAgY29ubmVjdGlvbi5jbG9zZSgpOw0KICAgICAgICAgIH0NCiAgICAgICAgIA0KICAgICAgICAgIGNhdGNoKEV4Y2VwdGlvbiBlKQ0KICAgICAgICAgIHsNCiAgICAgICAgICAgIG91dC5wcmludGxuKGUuZ2V0TWVzc2FnZSgpKTsNCiAgICAgICAgICB9DQolPg0KICAgICAgICAgIDwvdGFibGU+DQogICAgICAgICAgPHA+Jm5ic3A7PC9wPg0KICAgICAgICAgIDxwIGFsaWduPSJyaWdodCI+PGEgaHJlZj0iQ19NYWluLmpzcCI+QmFjazwvYT48L3A+DQogICAgICAgIDwvZGl2Pg0KICAgICAgPC9kaXY+DQogICAgICA8ZGl2IGNsYXNzPSJzaWRlYmFyIj4NCiAgICAgICAgPGRpdiBjbGFzcz0ic2VhcmNoZm9ybSI+DQogICAgICAgICAgPGZvcm0gaWQ9ImZvcm1zZWFyY2giIG5hbWU9ImZvcm1zZWFyY2giIG1ldGhvZD0icG9zdCIgYWN0aW9uPSIjIj4NCiAgICAgICAgICAgIDxpbnB1dCBuYW1lPSJidXR0b25fc2VhcmNoIiBzcmM9ImltYWdlcy9zZWFyY2hfYnRuLmdpZiIgY2xhc3M9ImJ1dHRvbl9zZWFyY2giIHR5cGU9ImltYWdlIiAvPg0KICAgICAgICAgICAgPHNwYW4+DQogICAgICAgICAgICA8aW5wdXQgbmFtZT0iZWRpdGJveF9zZWFyY2giIGNsYXNzPSJlZGl0Ym94X3NlYXJjaCIgaWQ9ImVkaXRib3hfc2VhcmNoIiBtYXhsZW5ndGg9IjgwIiB2YWx1ZT0iU2VhcmNoIiB0eXBlPSJ0ZXh0IiAvPg0KICAgICAgICAgICAgPC9zcGFuPg0KICAgICAgICAgIDwvZm9ybT4NCiAgICAgICAgICA8ZGl2IGNsYXNzPSJjbHIiPjwvZGl2Pg0KICAgICAgICA8L2Rpdj4NCiAgICAgICAgPGRpdiBjbGFzcz0iZ2FkZ2V0Ij4NCiAgICAgICAgICA8aDIgY2xhc3M9InN0YXIiPk1lbnU8L2gyPg0KICAgICAgICAgIDx1bCBjbGFzcz0ic2JfbWVudSI+DQogICAgICAgICAgICA8bGk+PGEgaHJlZj0iQ19NYWluLmpzcCI+SG9tZTwvYT48L2xpPg0KICAgICAgICAgICAgPGxpPjxhIGhyZWY9IkNfQXV0aG9Pd25lci5qc3AiPkF1dGhvcml6ZSBEYXRhIE93bmVycyA8L2E+PC9saT4NCiAgICAgICAgICAgIDxsaT48YSBocmVmPSJDX0xvZ2luLmpzcCI+TG9nb3V0PC9hPjwvbGk+DQogICAgICAgICAgPC91bD4NCiAgICAgICAgPC9kaXY+DQogICAgICAgIDxkaXYgY2xhc3M9ImdhZGdldCI+DQogICAgICAgICAgPHVsIGNsYXNzPSJleF9tZW51Ij48bGk+PC9saT4NCiAgICAgICAgICA8L3VsPg0KICAgICAgICA8L2Rpdj4NCiAgICAgIDwvZGl2Pg0KICAgICAgPGRpdiBjbGFzcz0iY2xyIj48L2Rpdj4NCiAgICA8L2Rpdj4NCiAgPC9kaXY+DQogIDxkaXYgY2xhc3M9ImZiZyI+PC9kaXY+DQogIDxkaXYgY2xhc3M9ImZvb3RlciI+PC9kaXY+DQo8L2Rpdj4NCjxkaXYgYWxpZ249Y2VudGVyPjwvZGl2Pg0KPC9ib2R5Pg0KPC9odG1sPg0K', '-2cf8b5a5c00d9612223b5cd35addd3ec63ac3a18', '[B@1a5770', '0', 'MTYvMTEvMjAyMyAgIDE4OjExOjEy', 'Raviraj', 'ml19y2kf2v0c4e1b');
INSERT INTO `request` VALUES ('8', 'Rajesh', 'Arjun', 'Android.txt', 'Permitted', 'Authorized');
INSERT INTO `request` VALUES ('9', 'tmksmanju', 'Manjunath', 'GST.txt', 'Permitted', 'Authorized');
INSERT INTO `request` VALUES ('10', 'tmksmanju', 'Arjun', 'Bigdata.txt', 'Permitted', 'Authorized');
INSERT INTO `request` VALUES ('11', 'Gopinath', 'Raviraj', 'CAuth.jsp', 'Permitted', 'Authorized');
INSERT INTO `results` VALUES ('Android.txt', '319', '2048');
INSERT INTO `results` VALUES ('Angular_JS.txt', '179', '2048');
INSERT INTO `results` VALUES ('Bigdata.txt', '246', '1024');
INSERT INTO `results` VALUES ('PHP.txt', '286', '1024');
INSERT INTO `results` VALUES ('GST.txt', '190', '5120');
INSERT INTO `results` VALUES ('Drmonetization.txt', '477', '1024');
INSERT INTO `results` VALUES ('Social_Network.txt', '376', '1024');
INSERT INTO `results` VALUES ('CAuth.jsp', '542', '12288');
INSERT INTO `search` VALUES ('24', 'Rajesh', 'Android', '23/06/2021   17:58:46');
INSERT INTO `search` VALUES ('25', 'tmksmanju', 'GST', '23/06/2021   18:34:56');
INSERT INTO `search` VALUES ('26', 'tmksmanju', 'Social Network', '23/06/2021   18:36:30');
INSERT INTO `search` VALUES ('27', 'tmksmanju', 'network', '23/06/2021   18:36:37');
INSERT INTO `search` VALUES ('28', 'tmksmanju', 'Demonetization', '23/06/2021   18:37:02');
INSERT INTO `search` VALUES ('29', 'tmksmanju', 'demonetization', '23/06/2021   18:37:07');
INSERT INTO `search` VALUES ('30', 'tmksmanju', 'Android', '23/06/2021   18:37:28');
INSERT INTO `search` VALUES ('31', 'tmksmanju', 'Bigdata', '23/06/2021   18:37:44');
INSERT INTO `search` VALUES ('32', 'Gopinath', 'cauth', '16/11/2023   18:13:35');
INSERT INTO `search` VALUES ('33', 'Gopinath', 'java', '16/11/2023   18:13:40');
INSERT INTO `search` VALUES ('34', 'Gopinath', 'java', '16/11/2023   18:14:37');
INSERT INTO `transaction` VALUES ('79', 'Arjun', 'Android.txt', 'Upload', '23/06/2021   17:47:46');
INSERT INTO `transaction` VALUES ('80', 'Arjun', 'Angular_JS.txt', 'Upload', '23/06/2021   17:54:02');
INSERT INTO `transaction` VALUES ('81', 'Arjun', 'Bigdata.txt', 'Upload', '23/06/2021   17:54:36');
INSERT INTO `transaction` VALUES ('82', 'Arjun', 'PHP.txt', 'Upload', '23/06/2021   17:55:06');
INSERT INTO `transaction` VALUES ('83', 'Rajesh', 'Android', 'Search', '23/06/2021   17:58:46');
INSERT INTO `transaction` VALUES ('84', 'Rajesh', 'Android.txt', 'Download', '23/06/2021   18:00:45');
INSERT INTO `transaction` VALUES ('85', 'Rajesh', 'Android.txt', 'Download', '23/06/2021   18:01:10');
INSERT INTO `transaction` VALUES ('86', 'Rajesh', 'Android.txt', 'Download', '23/06/2021   18:04:09');
INSERT INTO `transaction` VALUES ('87', 'Manjunath', 'GST.txt', 'Upload', '23/06/2021   18:30:31');
INSERT INTO `transaction` VALUES ('88', 'Manjunath', 'Drmonetization.txt', 'Upload', '23/06/2021   18:30:53');
INSERT INTO `transaction` VALUES ('89', 'Manjunath', 'Social_Network.txt', 'Upload', '23/06/2021   18:31:14');
INSERT INTO `transaction` VALUES ('90', 'tmksmanju', 'GST', 'Search', '23/06/2021   18:34:56');
INSERT INTO `transaction` VALUES ('91', 'tmksmanju', 'GST.txt', 'Download', '23/06/2021   18:36:08');
INSERT INTO `transaction` VALUES ('92', 'tmksmanju', 'Social Network', 'Search', '23/06/2021   18:36:30');
INSERT INTO `transaction` VALUES ('93', 'tmksmanju', 'network', 'Search', '23/06/2021   18:36:37');
INSERT INTO `transaction` VALUES ('94', 'tmksmanju', 'Demonetization', 'Search', '23/06/2021   18:37:02');
INSERT INTO `transaction` VALUES ('95', 'tmksmanju', 'demonetization', 'Search', '23/06/2021   18:37:07');
INSERT INTO `transaction` VALUES ('96', 'tmksmanju', 'Android', 'Search', '23/06/2021   18:37:28');
INSERT INTO `transaction` VALUES ('97', 'tmksmanju', 'Bigdata', 'Search', '23/06/2021   18:37:44');
INSERT INTO `transaction` VALUES ('98', 'tmksmanju', 'Bigdata.txt', 'Download', '23/06/2021   18:39:51');
INSERT INTO `transaction` VALUES ('99', 'Raviraj', 'CAuth.jsp', 'Upload', '16/11/2023   18:11:12');
INSERT INTO `transaction` VALUES ('100', 'Raviraj', 'CAuth.jsp', 'Update', '16/11/2023   18:11:55');
INSERT INTO `transaction` VALUES ('101', 'Gopinath', 'cauth', 'Search', '16/11/2023   18:13:35');
INSERT INTO `transaction` VALUES ('102', 'Gopinath', 'java', 'Search', '16/11/2023   18:13:40');
INSERT INTO `transaction` VALUES ('103', 'Gopinath', 'java', 'Search', '16/11/2023   18:14:37');
INSERT INTO `transaction` VALUES ('104', 'Gopinath', 'CAuth.jsp', 'Download', '16/11/2023   18:14:43');
INSERT INTO `user` VALUES ('4', 'Rajesh', 'Rajesh', 'Rajesh.123@gmail.com', '9535866270', '#8928,3rd Block,Rajajjinagar,Bangalore', '05/06/1987', 'Male', '560021', 'Bangalore', 0xFFD8FFE000104A46494600010100000100010000FFDB008400090607131212100E101210100F0E0F0F0F0F0F10120F0E0F100F1511161615111615181D2820181A251B15152D322126292B2E2E2E171F3338333837282D2E2B010A0A0A0E0D0E1B10101A2D251F25302E2D2B30372D2D2D2E2B2E2B2B2D372D2D2D2B2D372D2B2D2D2F2D2D2D2D2D2B2F2D2D2B2D2D2B2E2B2D362D2D2B2D302DFFC000110800CC00CC03012200021101031101FFC4001C0000010501010100000000000000000000000203040507060108FFC4004310000102030603050507020308030000000100020304110512216181F031417106135191920722425272143262A1B1C1E1238243A3D1244453637383C2F1253334FFC4001A010100030101010000000000000000000000010204030506FFC40026110100020202030001040301000000000000010203110412213141130551617181D1E122FFDA000C03010002110311003F00DBAEE437A22EE437A22EE437A22EE437A2245DC86F445DC86F445DC86F445DC86F4405DC86F445DC86F445DC86F445DC86F4405DC86F445DC86F445DC86F445DC86F4405DC86F445321BD125DD1BBD156DAD6CC19761891DF0E1B47371009C80A5494169A0DE8935C86F459E3FB7F12392DB3A4A24C01877CFFE9411AD3F709989316C3F173E4E5C7CA1B7C8FD506935C86F445721BD1659123DA8DFF7C973FF00687FA28E7B476A43E2E958B4E45B76BFA20D7341BD17B4C86F4596C97B4E731C193B2BDD8269DEC2379A33BA47EEB43B3AD087198C8B08B1F0E20BCD703811E4827DDC86F445DC86F4491D1BBD12A990DE880BB90DE88BB90DE88BB90DE88BB90DE880BB90DE88BB90DE88BB90DE88BB90DE880BB90DE88BB90DE88BB90DE88BB90DE880BB90DE88BB90DE88BB90DE88BB90DE880BB90DE88BB90DE88BB90DE88BB90DE880BB90DE88BB90DE88BB90DE88BB90DE880BB90DE88BB90DE88BB90DE88BB90DE880A6437A24447539377A2F5E69C9BBD170DED23B5A24607B81AE998F5872ECE26F70BF4E6057CE8813DB4EDB09778939560989E8B46B2137DE0C2781753F4555657642AFFB65A8FF00B54C9C44127FA30BF0D39FE8A2F636C7FB231D331C8893D3357C57BB12C0EC6E0CFC4AB19CB4F8F041733168068BAD0C6B40A06B68001900152CDDA5D152CDDA5D1544CDA1D105C4D5A3D1554C4FF4551313EABE34EA0B4999C04106841E212BB376F4EC187DDCAC4862107BCB5911AD7624E3C5737167148B126E8D1F51FD5068F25ED2A6A053EDD28D7C2E06340C2999188FD168F605BF026E188D2EE63DA788E0E61F95C2981591D933DC8D0838107104244F427D9D105AB243FA55026E5862C2C27EF01C87E8506EEDE8DDE8BDBB90DE8AA2C1B519310614C42BAE87198D7B4E4470387156C064DDE883DBB90DE88BB90DE88BB90DE88BB90DE880BB90DE88BB90DE88BB90DE88BB90DE880BB90DE88BB90DE88BB90DE88BB90DE880A64114C822990453208914C822990453208A641014C8208C9BBD114C82F1DD1A88439D8940706AC1DB3C2D0B5634E3B181247BB80DF82F349A1F3A9F25A9FB43B48C0929B8CDBA1CD811030F83DC2EB7F321627D917F752A0FC515CE793CE9C07E43F341DCCE5A7D1534D5A3D1544CCFAAC989D4169333EAB63CEAAD8D36A1459941611A6D448932A0BE3A65D1504B891FF3536CF7DD14F0298B2ECB8D11AE996C28B125E03A915F0DB7EE922A2A0634F1F05218D07DE6905A79851B4BA0B3A72945D8D9536D7B4C378058F696381E6D228566D2F1685743654ED08528761EC827CC2893B653C82652317C2AF1305C7FF5EA5AEC1351C1BBD1609D9F99B96DC178A526A55D0DDE04815FFC42DD245D5030082653208A64114C8229904053208A64114C822990448A64114C8229904532080A64114C822990453208814C822990453208A641014C82445E1C025D3209B8C30E0D4198FB678A459D1C0A62E840D3C2F858FC9CD520C36F8302D87DAEC0BF2133403DD6B5F87E1782560B0663DC68F01441651E6D428B32A2C48CA3BA22090F8E9874548009E155632B65122FC4218C1C5CF3742080C697602AAD2C9B0E2CC46872B05A5F1E29C1A310C6F37BBC000AFF00B33D9C8F3AF10A42112CAD224EC469109839DDAFDE3BCD6F5D85EC341B361D1BFD48EFC62C77D0BDE7F603905599F90B447D948EC7764E148C9C3940038817A23CFDE7C4762E72E2BB7FECB83CBE724290E3E25F08610A3751F0BB30B58A64114C9AAB38E3E7B5BBCFDF4F92EE9BCE63DAE871619BB1213851CC70C949958B42B5FF006AFD85EFD867E55A04DC0152D6FF008D0C7161FD963D0087B43DB8570734F16B8716956ACEFC4FB56D1AF5E9656747FF00E4ACC77E370D082BE88B34E0301C17CD9618ADA567B7C2213F915F48595C070E0ACAAD80C8229905E019357B4C8202990453208A64114C8202990453208A64114C82029D114E88F4A3D280A74453A23D28F4A029D13130EA0F853E7FB5575A0FA03F750515B1230E619120C51587158E86F00DD25AE1438F2E2B13F695D848767C364CCB4488613E2776E87128E2C24120870030C16EB2C4135343CD727ED9E188B20D06941332E30C0D1CF0DFDD61A64B4DF7BFBE9B6F8EB14D6BE7B7CE778F894F4BC2BC6E80F7B8F06B01713A05F4A599EC9ECA8775C6018CEA0358D1623C57E9040FC97596758F2D2E03604081080E1718D6FECB5F665EB2F9D7B3BD80B4A62E9852BF67867FC69AF730F10D389F25A6F677D8D40616C59F8AE9C8831EECFB9001FA471F3A64B4CBFF004A2FFD2A369EAF64E521C26887098C631A281AD000013FE951EFFD28BFF4A98B4423ACA47A51E951EFFD28BFF4A763A9F2070F757CEBED2EC43253F161406D596916C4966FC2C8EE786BC6431AAFA0EFFD2B3BF6A3003E6EC4A815FB6B8681A1D4FC956D6FA98AFC55F64FD9B4195743998B122469B68A975EBB09AE228406D31E27895A259AEA61860BD9B2D2300D0473182892CFA387059F164B7E4D4CEF6D3931D7F1EE235A748C3F4A553A2665CE1F0A7BD2B6B10A74453A23D28F4A029D114E88F4A3D280F4A3D28F4A3D280F4A3D28F4A3D2803FDAAAAD36E0782B5F4A89390AA3E141CCCBC4E230A83F92E7BDA51AC83F8611A58FF9CD57B6841731D7DB4E9E21302761BA8C78157102EB85457964BCECB8AD4BF7AC6E3DBD0C596B7A74B4EA7D3A984FF75BC3EE8FD12EFF00450E0C5AB41C3825DFE8AF1936ACE3D24DFE88BFD146BFD117FA27747449BFD117FA28D7FA22FF0044EE7449BFD117FA28D7FA22FF0044EE7449BFD1711DBF359CB1387FFB231FF24AEBAFF455D6B4668BAE75DF731AD2A413860A2D9350B571EE5EBA2744DC9BAF3F0A5060ABDD397FDD87CFE238792B9B225694E0ADC6C3689ED657939AB31D6ABD96187C29FF004A4426D3E54BF4ADAC43D28F4A3D28F4A03D28F4A3D28F4A03C91E48F24792807923C91E48F4A03C92227F6A4C48B4F95733697692AE740956B62C46E112212440827F13BE277E11F924CE95B5A2BED36D6B8D697BDCC6B40A97388006A570D3B38621FF006584E8B43FFDA7FA3081FA9D4274055945820BBBC8EFFB4451882FC21B32643180EB89CD47999DE8A93667BE79F9E17B64CD12D6DFBA1C40BE01A80FE6015617BA2E26CFB44B6335B816C521AE1E079397590A2F45E6DE2693AF9F1ECF17347231F6FB1EFF00DA55EE88BDD1337FA22FF455ECD1D4F5EE88BDD1337FA22FF44EC753D7BA22F744CDFE8BC2FE89D8EA79D1282B82E53B493916F35B0E0F7CCA9745BAE68703C80078AB4B627FBB86F8981BA3DD1E249A0FD5737293A4E24D493527C495DB0C4DADDA7D43CFE7F223157F1C4F99F7FC47FD5AD816A407B84327BA8BFF000A2B4C37E95C0E8BB89368007DD5C1B8C38ADB9158C7B7F10C4660F10548938D1E5B180EFB4C11FEED15C3BD68FF009710F1E8EF35BE2CF3E99FF76843FB57BE4A9AC5B761CC3498645E69A4486F05B121BBE5734F056ED757E5566889898DC15E48F247A51E4891E48F247923C901E947A51E947A5483D2998D169F2A5447D3E55C276E2D9712C9082EBB1238262BDBC6140E0E3D4F00A2674ADEF148DC936B5B4F9B7BE0407DC96612D8F30D347447738508F21E2EF24C77CD86D10E186B18D183470FE540EF9B0D8D86C01AC60A340F05063CDE61719B3CFC997ECA64C4E7455B1E67A28D1661448919739B30E4CC7DD365AE6BC716383BC8D568F119EEB23C3A3A1456B5E29891515C165315EB4EF6636808D2AE967D0BA5DC40078984EC5BE46A12B15BEEB66AFD339535CB3113ED2A1C5045410478A5DEE89EB46C773098908B71C4B7E13D7C0E6AB99322B75D463F9B5D8791E6B265E3DF1F9F70FACC5C8A64F1EA52EF7445EE89BAF4497BC01525A0789C02CFB68D1D2FE899891B10D142E3C1BFB9F009106FC537610C39C4230FED1CD74366592D862A685E7124E26BE24AD7878B6B79BF8863CDCAAD7C53CCB85EDCBBBA850A1120C48CFBEEC98DFE48F25CCCBC7A277B6B6A7DA2722B9A6B0E11EE61D3851B813ABAAAAE1C45DED68DEA1F1DCAE577CD33B741026BA2B4969DCC2E521C75360CCAB4596C799D247877DC2342788332C1EEC51C1C3E4883E26AE8FB37DA0EFC3A1C4021CC42A08B08E3D1ED3F134F22B88979CCC2766A2BAAC99824098818B79778CF8A13B23FAAE9166EC79B5E5ABB1D5F952BD2A96C1B55B1E1438CC22EC468343C41E6D3982AE41FA5756F89DF987BE947A51E947A5482BD104FD28AE6178E39B50429E8D41C5AB1B8368F7D1E6E649C5F17BB6650D9C005AADB7168D7623EE9FD1609654E5CAB4F071AD735CB24FA61E6DFAF58FEDD3469A50E24C286F984D18AB84CBCAC97497454D97A62FA502B9CB1DED2715DF622D6FB2CDC379348514F7517C28EE0ED0D3F354817A4244EA76AE3C938EF168F8FA06D19F87021BA3467B5B0DA2A49C6B901CC9F058B76BEDD74EC4F747750186B0D83024FCEE239E5C947B52D88F3221B633CB9B058D631BC1B80A5E239B8F8A84174C9966DE21BB97FA95B27FE71F88390AD89D600C6CC3EEB70179AC8869F51152989C988F1E863C57BEEF01831A0F8DD6E15CD39545571FF000CD6E7F22D5EB379D7F72D03B07DB16FBB293546BFEEC3983C1DE0D79E4735D4F6CED8FB2CA448808EF1E3BB843C5EEE7A0A9D1628E6A973B6A468D0E1418AF2F640A8860E2457C4F35DEB9A7AEA5AB17EA768C534B7BF92AF68E7CF9A5072F520AE2F3624E0889E646508B978222B44BBD2CB78532A7409BCD73AD8C9E64D5312574896DC791DCF6027EEC59996A8BA1CD8F0C7807D6F01AFEAB4A80FA8F85625ECFE6AFCF3DDC8C070C7C039B45B3C93B01885A31CEE1EC716DDB1A5D7A22BD115E88AE615DA0573092F39B52AB985E3CE6D41CE5BEEF75D88FBA7F45F3DB0AFA26D86541E0B02B6A44C08F1211E01C4B0F8B0F0DE4B8E5879FCFACCC449B63D3AD728AC7279AE5C261E45AA92D29D69519AE4E35CABA70B552414B05470E4B0E55D394D4F02BDAA683D7B7D34AF53954553779179348EA72ABC25365EBC2E4D262A512904A4972439CA74BC55EB8A69C50E7269CE53A75AD5EB9E9888F27995EB9C997B95A21DEB0EAFD9A1FF006B77FD1771FA9AB7090380C42C83D97D9E417CC9C2FD21B2BE00D5C7CE9E4B6092E0310B4E38D55EEF12B318A36980E6115CC22B9845730BA348AE6104E6D45ECC6F545ECC6F5415F3F0AA38B566DDB6ECFF007EDBCDBA22B01B87857F093E0B558A2BCDBBD5525A7255F9544C6D5B562D1A97CEAF69692D702D734D083C414A6BD68DDAAECBB6355C28C8A060F0303939673392AF82EEEE234B5DCBC08F1079AE16A69E467E34D27F83CD7A71AF509B1138D88B9E98ED44D0F4A0F50C444B111469CA71A587A55F510445EF78A34AFE34ABE82F51BBC47789A47E348BE925E9831124C453A4C633E5E905E9931120C44D2F18CEB9E9A73D36E889A74456D3AD6871CF53EC2B21D331034610DA7DF7E5E0334ED85D9F8930439D5642F98F177D23F75A9D8363361B5AC606B5ADE029F9F55D2B4DFB7A1C7E2F6F36F49FD9F900C6B58D0D6B5A0003C02EB65C50716A87232F40316EF5562DEADDEABBBD4D3DAE6115CC22F6637AA2F6637AA02F6637AA2F6637AA2F6637AA2F6637AA02B9B77AA6A2B2BCDBBD53B7B31BD515CC6F541453F200FCBBD57276DD82C88D2D7B5AE1D311983C968CF6D79B77AA8135280F36EF5504C6FDB05B63B2512192E827BC6F1BA7078E9E2B9C7D5A4B5C0B5C3883810BE819DB2FA797F2B9CB57B3AC8829118D7781A623A1549A7ECC7938759F35F0C8C444A11175768F61E9530625DFC2F151E63154135D9F9987F05F1E2C21CA934963BF16F1F114444A111448A1CDC1ED734FE205BFAA488AABA709C49BDE23BC50FBC47789A47E24B31124C4517BD5225E4E2C4FB90DEECC034F353A5A314CFA062243A22BA93EC8CC3FEF16C3199BCEF21FEABA6B2FB1309B42FAC577E2FBBE9055A292D14E25E7E69C3C8C8C58E6909A4F8BB834752BB4B07B1AD690F8A4447F1BB4F71A7A735D9C858E00000680380000015FC9D9A0786F5578A4436E3E2D29E67CCAAECEB2F87DDE5C9747272807CBBD54881000E6DDEAA4B7AB77AABB4BC60A736EF54AAE637AA2B98DEA8BD98DEA80BD98DEA8BD98DEA8BD98DEA8BD98DEA80BD98DEA8BD98DEA91DE9C91DE9C942745DECC6F545ECC6F548EF4E48EF4E4868BBD98DEABC2736EF549EF4E48EF4E486887C2079B77AA871E481E6DF2FE54FEF4E4BC314E4869CFCC5960FCBE5FCAAE8D6474F2FE575AE89904D3CE410D3898F63578DD3D45556C7ECCC23C61423FD8D5A13C0F00987B4780444D76CE8F64A07FC187E5FCA543EC9C01FE142F4D7F75DF960F00BD6B07804F08FC71FB38E97ECFB1BF7590DBD18D0AC21591D37AAE9D807804F329E0116EAA297B27E9F2FE5594BD9C07CBE5FCAB26BF209C113209B34660CB01CDBBD5496B69CDBBD579DE9C97BDE9C90D175CDBBD517B31BD523BD3923BD3921A2EF6637AA2F6637AA477A72477A724345DECC6F545ECC6F548EF4E48EF4E4869FFD9, 'Authorized');
INSERT INTO `user` VALUES ('5', 'tmksmanju', 'tmksmanju', 'tmksmanju13@gmail.com', '9535866270', '#8928,Vijayangar-10', '05/06/1987', 'Male', '560010', 'Bangalore', 0xFFD8FFE000104A46494600010100000100010000FFDB008400090607100F0F10101012100F10100E100F100F0F0F100D100F0F1511161615111515181D2820181A251B151521312125292B2E2E2E171F3338332C37282D2E2B010A0A0A0E0D0E151010172F1D1D1D2D2B2D2D2D302D2D2D2D2D2D2B2B2B2D2B2D2B2B2D2F2D2D2D2D2D2D2D2B2D2D2D2D2B2B2D2D2D2D2D2D2E2D2D2D2D2D2F2BFFC000110800E100E103011100021101031101FFC4001B00010002030101000000000000000000000001020306070504FFC4004510000201020303050C0707040301000000000102031104122105415113317191F006071417223253618194A1B115234252B2C1D324626372A2D1D24373A3E18292F133FFC4001A010101000301010000000000000000000000010204050306FFC4003111010001020404030802030101000000000001021103041351142131527191E1122223323341618105B162D1F0A142FFDA000C03010002110311003F00EE20000000000000000000000000000000000000000000000000000000000000000000000000000000000000000000000000000000000000000000000000000000000000000000000000000000000000ACAA25CEC0A72F1E28072F1E28072F1E28072F1E28072F1E28072F1E28072F1E28072F1E28072F1E28072F1E28072F1E28072F1E28072F1E28072F1E28072F1E28072F1E28072F1E28072F1E28072F1E28072F1E280B46A27BC0B800000000B81E5ED9DA91A1072E77B92E76F72035BE4B1788779D6E453D7253E78AF5BE2512B64C9DFF006AAD9573CB33F86A2E0B654AD99E26B25BBCA777F11712F654D2D7115AEF9A399DFE62E25EC99DD2F09ACE5BFCA764BAC5C4AD9526ECB135ACB9E599DBA39C5C16CC7ABF09ACA2B7DDEBF11713F45C92BBC456D7CD8DDDDFC45C4BD972565E1155C9EECCF4E9D45C596CA93795622AB6BCE77765F11705B2E4EFFB455CAB9E577AF46A2E256CB95B33AF552DCAEEEFE22E0F65C95AF5AAE67CD14FFEC5C5BE8A95F2AAF55CB7EAED15D62E0B65C9BB2AF56CB9E57D3A39CB705B31D9CB97AAA2B99DDDD92E27E8C925775AADDF9B1BEACB712F65C95972D51C9EEBE897162E27E8B77B2AD51DBCE77D17AB9C5C42D9ADDDF2D51457DABF3F40B89FA35DB33AD552FB2AEEEFE22E22583AF4ECE155CA4F5C92D47247A9B1B693A89C66AD38BB497AF89255EB9000014AD51455D81AF57DAF39C9AA51CE93B393964A69F0CDADDF4267AD385CAF54D9E1563F3B5317FEBCFF00D5DE7637095AB4E1293A4945E6CB9E52BBDDAE532D3A779F2F563AB89DB1E7E8C8F0F5AD64E9A5BFCB95DFB72934E9DE7CBD5756BED8F3F42542ABB7FF009655F673CBFC4BA54EF3E5EA9AB5F6C79FA1C8D6BDDBA4F82CF2B2FE91A54EF3E5EA6B57DB1E7E82A5595DDE9667BF3CB4F6651A54EF3E5EA6B57DB1E7E88E4AAA564E9ABF3BCF2BBFE91A54EF3E5EA6B57DB1E7E8874EAD92FAA515BB3CB5F6E51A54EF3E5EA6B57DB1E7E896AADEEF92B2E659E565EBF34BA51BCF97AA6B57DB1E7E885CADDB6E9396EF2E564BA328D1A779F2F535EBED8F3F457EB527674F33E79728EFF8468C6F3E5EA6BD7DB1E7E8C6B193A768D45921BE49E68CBD59B77B4C2AC298E71CD9D38F1336AB94FF00E79BD2A38A8CD26F48AB658FDE7B8F37BBE872D537AC9F9B1E1DB8812AE9D96B37CF2DD14016F8C5D97DB9EF6F7AB80BA6B8535CCBEF7FD012E5CD292FE4876DE02ED3E351F545005BE317AFDB9F6DE0134D59694D73BFBC04B9734A5A457990DEDEED0036D3BBD66FCD8EE8AEDBC094DA765ACDF9D2DD15DB701F12B43151CBCD38BBBE2D34246CF1E64412000D7FBAFC5BA745462ED2A928D38BE0E4ED7EAB9EB834C555C44BC7315CD187331D7A79BE2C3C546118AD124925EA3DEAE7376BD11114C442E99190D810D944361156C0A365632A365632A3919319951B2B0524CAC6650AB35EB5F75EA9FB05922B98F05230B3CD4B9D7FA527A2FE47BBA0F1AF0A27F0D8C2C79A794738DBFD4FFB7D186DA6D3CAF4A8F9F3ACAE2BA3FB1AD551553D61BB462D35F49FF6FA963D79A9D97DA9DF56CC5E89FA422D7082E65F7BFE8097B4169297FE1001F4859EE737D514016396AA2F5FB7300B1F16ACB482E77F78097B422ECDE915E6C38F0027E9049DDD9CDF9B1DD14042C7A4EC9A737E74B7240163E3E6A768AF3A57D5FB40F96AED08BC452B5925195BAD01B5E1B191925D041F5A6000D57BBA5E4D07C3114BF11EF96F9FF53FD35B371F0BF71FDB1539688F697953D12A5A851C88233144390455C8228E456332A3919319951B2B1BA8D958CB1CA45612A39158CB1B975958ACF11756928CD7EF24C7B3B2EA4F498BA8EAC3D153B740F66774D48ED85255A1E8A1D45F63F2938D1DAA3AF0F470EA2FB1F963ADFE2878887A38750D3FCB1D7FF155E261E8E05D3FCA6BFE1578A8FA3875174FF2C6731FE2ABC5C7D1C069FE5388FC2BE191F470B974FF0029C44ECABC62F470EA2E9FE535E764786AF470B740D3FC9AF3B3156C56ABEAE05F620D5997D983DAB2A5AC2528DBEC36E54E5EAB3E6F61E38997A6AFB3DF0B3B89873D6F1B7FDD1D07606D1588A519ADEB9B7A6B46BACE5D74CD154D33F677F0EB8AE98AA3A4BD43166D67BBB5FB3A7F76AD37D55227B65FEA43C3351F0AA7C1465E4A3627AB5A99E4B296A152E44555C8A9755C825D5722D92654722B1BA8E456332A39158DD5948B66332C72916CC66547232612C6E4562A39158CA92916CC658E522B0951C8AC55722A28E45632A39158CA8E45442D409B12E26FFF00C031D67AA0B086F422B75EF6F27C9D55B95576FF00D51CCCE7D4FD3BFF00C7FD1FDCB75355BCD73BBB5FB1D47C127D4D33D703EA53E2F1CCFD2AFC25E361E7E49B7547369513C9752D496657E69CC2C5D573162EAB996CC6EAB9152EA39158DD4722B1BA8E4549960C4E2634E329CE4A318A6DC9BB2496F1D18F399B4354C577C3C0C1B51954A9EB8C1DBD8F79E5398A21EF195C496BDB43BE554E53EA2947925E92EA72F5E9CC7955999BF28E4F6A72516F7A79B352EF9AADE5E1DDFF007669AF8D8CA335BC309C86D53EAA1DF1F0D2F3E9D587AED192F83338CD53F7879D591AFED312D8766EDAA18A57A352337BD5ED25D28D8A2BA6BE92D3C4C2AF0E7DE87D6E47ABC255722A2AE4114722B1954AC4B842E02E42C5C0C755EA83281BD08377EF6D1FA9A8F8D597C91CBCDFD4F27D0E423E0C7EDBA1ACDC783DDB46F82AFF00EDC9FC0F4C2F9E9F1879E345F0EAF096B384A9E42E85F237EA8E6E6E1CFBAC99F531B32BF31CC58BA1CCB64BAAE62C9751CCB64BAAE654BAAE65B31BA9298B24CB917771DD555C455AB868351C3C2591A5CF51C5EB77C2FBBD468E362CD5334C747472F8114C4553D5A89E0DA000003261EBCE9C94E12709AE6945D99626626F095531545A79BA87721B7DE2E9353B2AB4ECA76FB4B748EA65F175239F5870F3797D2AB97497BCE46CB4D0E418CAB72B14390445C09CC42C5C29708C751EA832824F420E81DEE23FB337C673FC472B35F567FEFB3E8B25F429FDFF006DB8D76D3C7EEB217C1D65FC29FE16654CDAA8635C5E99691B36A5E9C7F923F23A75C737230E7DD67CFA98D995C73162EABA85B25D0E65B25D573164BAAE65B228E65B25DE0776BB42AD0C1D4A945A534E29B6AF68B6936BACF2C699A689987AE0531557112E30DDF57AB6EEDBD5B7C4E6BAE000000001B3F7BDA8D62E4B74A8C9BF6356F9B36F273F12DF868FF2111A513F9747723A8E1CCAAE4125198AC5172297017085C81702937AA22C266F4043A3F7BB8DB0717C6537FD6CE46627E254FA4CAC5B068F06D278B61E76DF8DF0D557EE4BE409736D9153EA61FC91F91D8AFAB8987D1F539EA6366574398B25D19C58BAB9CB64BAAE62C8AB996C8AB996C8F9B1B4E3569CE9CD29467094649EA9A684D31316929AA69989870CAB4DC2528BE78CA517D29DBF238F3169B3BB1378BAA4500000006DDDEEE97D6D69F08462BDADB7F246F6469F7AA9737F92ABDDA61BD663A4E3AB98219808CC4137017085C8A5C22B37AA22C26ABD011D5D43B825FB152F5C6FF138F8DF52AF17D2E5FE951E10D8CF27B3E4DAB1BD19AFDD7F20393EC897D5457056EAD0ECCF4870E394CC3EA94F52596519C59119CB610E62C8AB996C5D473164BAAE65B3151CCA390F75184E47195A3BA53E523D13D7E773918F4FB35CC3B597AFDAC3A65E59E4F600000006E1DEFF0011675A9F1CB3BFC3F23A191ABE6872FF0092A79535372CC745C94662066009904E6023302C662164E6059127AA0B0567E4912239BACF7150B60687FB50F91C5C4F9EAF197D36145A8A63F10F78C1E8F9F682FAA9F43038F6CD95A2D7094D754D9D98F969F07127E6ABC65F44A7A96218CAAE65B1743A82C9755D42D92EAB98B0AB996C8ABA82C8AB996C39FF007C34B97A4F7BA4D37C6D2D3E6FACE6E763DE874F233EE4F8B5534DBC00000481EEF71726B15A733A53BF45D1B792FA9FA6967E234BF6DFB31D6712C662066058CC0B198858CC0B198164A9010DEA881889792088765EE5216C1D05FC287E1470AAEB2FA6A62D10F5C8C98716BC89743038BE1DDA75570AF597FC923B387CF0E9F07171396255E2C9527A99C43CE54750B6443A82C2AE65B22AE62C21CCB6455CC22AEA16C351EEF30D9A14EB2FB0DC65D12B59F5A5D668E7B0FDD8AB66FE46BB4CD3BB4C39AE98000902F87A79E7085F2E79C6199ABE5CD24AF6DFCE5A62F311BA5536899D9BF6C2D8B1C229372552A4BCE9C535151DD18DF5F6FF0063AD96CBE9C4CCF597173798D5988A7A43D5CC6D352C6609633116C66058CC42C66058CC0B253019B540312FC9F6124A639BB86C28DB0F4D708457C0E0BE99E8018EBAF265D0C0E2559E5C4E263C31157E32BFE6767039E152E363F2C5A94AB5353DA21E32A7282C88E505857396C88CE2C21CCB6149541618DD42D863AB184E2E338A9C249A94657B493DDA6ABA512AA22A89A67EEB4D73455154758738DA94152AF5611568C67E4A6DBB45ABAD5F3F39C2C5A3D8AE69D9DCC2AFDBA22ADDF29E6F4480032E0DDAAD3FF769FE346787F3D3E30C6BF92AF09FE9D2D48EF3E76C66058CC0B198858CC0B198066059398163304B254B5405AB6B65C5A5F131AF9532CB0E2F543BCECB8DA8C17EEA382FA37D4056AF9AFA00E1DB51DB1B8B5FC77F18459D9CAFD1A5C7CCFD5A9F2D59EA6C43C258F396C88CE2C239416443A85B0A4AA8B0A39854672A233846BDDD3ECA9544EBD349B847EB23BDC17DB5C6DBFD5D073B3D83336AE98F1743258D117A27F4D54E63A40002612B34F834FA99626D37498BC59D0305B429D58A70926EDAAE66BD87730F169AE2F4CDDC2C4C1AA89F7A1F4E63D1E763310B27382C8CE0B0A404E6058CC0B27315168BD502CCD1779D35C6A417F523CF17E4ABC259E0C7BF4F8C3BE6057D5C7A11C27D0338113E67D0070DEE9565DA38A5C6707D74E275F27CF09C9CDC7C5979B5A7A9B710D6962CE6564467021D40292AA0B299C2998A86605987178C8528E69BB2F8BE83CF13129A22F54B3A30EAAE6D4B5FC6F748E4A518C3C9926AF27ADBA0E76267AF1314D2DEC3C95A62665E01CF6F800001684DC5DE2DA6B7A766589989BC24C44C5A5E852DB9888FDBCDFCC933629CDE2C7DEEF09CAE14FD9E8E1BBA67FEA43DB07F91EF467BBA1AF5E47B65EC6176952ABE6C937C1E8D7B0DCA31A8AFA4B52BC1AE8EB0FAB31E8F2B198A58CC0B27302CB29152CB41EA41F5E0D66C461D71AF4BF1A3CB31CB0EAF07A65E3E253E2EFB865E447A11C377594086070EEEDBC9DA75FD71A72F85BF23AF91FA73E2E5E73EA7E9E1D79EA6EC35658B942A21CC16525502D95CC16C660964E6216795B436EC29DE30F2E7FD2BA59A78D9CA68E54F396D61656AAB9CF286B78BC5CEACB34DDDEE5B9742397898B5624DEA97468C3A688B52C279B300000240000240203D5D9DB6A74DA8CDB9C3D7E747FB9B7839BAA9E557386AE36569AB9D3CA5B3D3AAA4934EE9ABA3AB13131773262D3695F315129844A6517A6F508F4762EB8CC32FE3C3E0EE6BE6B96154F6CAC7C4A5DF68F9ABA11C5769700C0E1FDF2165DA92F5E1E9BFEBA8BF23ABFC7FC93E2E6E723DF8F0FF006D66B48E8352CC5981655D425D6CAE6175B273111F3633684292F29EBBA2B9D9E58B8F461C7BD2F4C3C1AABE8D7B1FB5AA55D3CC87DD5CEFA59CAC6CD5789CBA43A18597A68FCCBE0359B0000000090000090000001B177398ABC1D37CF17A7F2B3A593C4BD3ECECE766F0ED57B5BBD9CC6F34EC94C09CC54B2F4DEA58EA92F63B9759B68E117F124FAA9C9FE46B673E94FF00DF77BE563E2D3FF7DA5DEE9F32E838CEC2C000E27DF5619768C1FDEC3A5D5397F91D3FE3E7E686867239C34EACCE94B4E189C8C6EB656E04DC0F8B6AE3B91869E74B457DDEB35B338FA74F2EB2F6C0C2F6EAE7D21ACCE6E4DB936DBE76CE35554D537974E22222D082280000002400002400000000FBB6249AAF1B6FBA7D163632B33AB0F0CCC7C396D573AEE5A6E113728BD27A963AA4BDEEE2A19B6961BD4EA4BFE392FCCD5CF4FB8D8C9C7C487798F32390EAA4001C63BF0AB6370EF8D1A8BAA51FEE747F8F9E7534B37FFCB44AB3D4E9CB4A218C96548B09B0B09496F8529FFB9428D66BA1CE2EC615E1515FCD17654D7553D26C9B47D161BDCF0BFE061C36176AEB6277168FA2C37B9E17FC070D85DA6B6277168FA2C37B9E17FC09C361769AD89DC9B47D161BDCF09FA6386C2ED5D6C4EE2D1F4585F73C27E99386C2ED4D7C4EE4A51F4585F72C27E98E1B0BB4D7C4EE2D1F4585F72C27E99786C2ED35F13B8B47D1617DCB09FA64E1B0BB4D7C4EE4DA3E8B0BEE584FD31C361769AF89DC5A3E8B0BEE584FD31C361769AF89DC5A3E8B0BEE583FD3270D85DA6BE27726D1F4585F72C1FE98E1B0BB4D7C4EE2D1F4585F72C1FE98E170BB535F13BBFA4DA3E8B0BEE383FD32F0B85DA6BE2777F49718EEA7423FBD4F0B86A325D128413F8995397C3A66F4C2558D5D51699329EBECBCEE9CA3D92E9CA5F652E98E8C5AD2365EF78AFB4E9FAA9D47F25F99A39F9F77F6DAC9FCFF00A7734729D3480039377ECC13FA8AF1D72668C96FCB2B6BD715D66CE5B1228AA6FF0076BE6289AA2263ECE50B13EB3A31988DDA9A73B27C257145E22374D39D93E14B8A1C446E69CEC958A5C50E22374D39D93E14B8A1C446E69CEC7852E2BAC7111B9A73B27C29715D63888DCD39D8F0A5C50E22374D39D93E14B8A1AF1B9A73B1E14B8AEB1C446E69CEC9F0B5C5758E223734E763C29715D64E223734E763C29715D63888DCD39D8F0A5C5758D78DCD39D93E16B8AEB1AF09A73B1E16B8AEB1AF069CEC785AE2BAC6BC1A73B2562D715D6388834E764F85AE2BACBC446E69CEC9F0B5C5758E22374D29D93E18B8AEB1C446E694EC7862E2BACBC446E694EC9F0C5C5758E223734A7644B149EF5D66338F13F734A766F5DE8F0BCA632559BF2614DC17ADB69BEACBF1347358B154443732D8534CCD52ED469B700006BDB7BB9A8E2F49BD3801AE4FBD6E19F64057C5561BB58078AAC376B00F15586ED6023C54E1BB58078A9C376B00F15386ED601E2A70DDAC03C54E1BB58078A9C376B00F15386ED601E2A70DDAC03C54E1BB58078A9C376B00F15386ED601E2A70DDAC03C54E1BB58078A9C376B00F15386ED601E2A70DDAC04F8AAC376B00F15586ED601E2AB0DDAC04C7BD661976407BBB0FB91861257A6EC80D9D0120000000000000000000000000000000000000000000000000000000000000000000000000000000000000000000000000000000000000000000000000000000000000000000000000000000000000000000000000000000000000000000000000000000000007FFD9, 'Authorized');
INSERT INTO `user` VALUES ('6', 'Gopinath', 'Gopinath', 'Gopinath123@gmail.com', '9535866270', '#8928,18th Cross,Vijayanagar', '05/06/1987', 'Male', '560021', 'Bangalore', 0x89504E470D0A1A0A0000000D49484452000000E1000000E10803000000096D22480000008D504C5445FFFFFF3333333030302D2D2D1F1F1F2525252828281E1E1E1B1B1B2222221818181A1A1AF3F3F3F7F7F7FAFAFAF0F0F0ADADADE0E0E0E9E9E9363636D0D0D0B7B7B77C7C7C595959C3C3C3686868464646727272404040DBDBDB505050131313616161A4A4A4878787989898C6C6C68B8B8B5555559C9C9CBBBBBB8181814242429393930000008A8A8A6E6E6E3F146E4100000C0149444154789CED5DE79AA3B8121D2410609B6870C060E3D80E3BFDFE8F77C1EE608C08924A8D7ABE7BFEEDB7BB331CAB544915FEFCF93F98E184C1C2DFBEDD8EC7DBDBD68F02CF1DFA8B20112EFEE609B274DB304801C3B04D7DBA5EEE236FE82F03417449894E30D2AA40081B3A4EF6C1D0DF27886887C7E495DC334F63737DFBBD24DDF3BC95DE27497D150DFDA97CF0AF3AEEA2F700D1E787A1BF961D87ABDE797CDFC056FECB64355C6D18F8DD396E6ECED05FCD8033266CFC4AD8C9EFB98E1716017D3A467B3BF497F743783578F895B0DE7F83A466D39E1A940663AEBE9B1361018285E14854A7188DB8AEE037B0160ECDA115992148B0A098AA7C8AE154986021A87375032B3711BA839F30DE8726D28825879DA7C1BC0DCDA401BE0943B0706FD4F46E825A94CB0D9C2869F973904BF88071199A0D05BE054750D336EAC9A90B27A325F069684235ECB9DD6D3ACCF3D08C5E10762764D88012C5ECFE5FE023D434DD1F9A5305130877AD0ABC1E9A5405BE0E4D50D3C64AA9D335F8111687A8927B1A8DE009163651A1487106E47257612894980257A47728A46B22B0A0A20AA28C98DEA4086911442963126568D212783934B30F04928E5043534592520B09E6FE012B1B9ADB03475967A8CC455C0206F75590DDD0DCEE90E0757F02A9611103292EDB0396121929798A46D3464ABC7DFBB63C86A612150CB23C9A126A28D39534555A8417FBA1D995384953A585DFB61A9A5D094D224335CC859CE0F083E175687625249AC3C2F71E9A5D898D44861A199A5D81895486D6D0F40A8452198E86A6F747AE5BAA06C37FFF0C1DA90CF5A1E99590C910A1A1D99590185A68281D9A5D897FDF6BBBCAF4BCF3A1D99590950FBE3354E2850DB28EE615643634BB12729ED61E30DE866657E24D62F864C743B32B114B341796126FF9D1581EC3CD646876253C79F952A4295136E4A4D2CC059E0F4DEE0179E6420D6321D35CA8912E95692E74450A146595621467A848318627EB0111AD9550A505E692548D2A8A46623D8D123E5B09596FA48622A518C545042DD3FF821A29FD07E4A81A654AA20AECA45C44351E801F90135E6C14A9F9BA438698AAE2763F20434C5512D2424C256853531197ED01073E69AA46AAF41B177031554B48FFFC3980BB35EA14793FE0426B53D584143E0C56A3A2ED1913D8C76E359ED5AA80CDD6A8A6674A64908788882AD1FD3320CBBD0D25670E40C6C1AAA4A0AA70133083419428BAAC23063B444389F26E0AD640375191360B0A22A0D29AB1126F6A54C0A8535B89A76D3A0288E76094AA680B3F011144E9CAE4816900181EA1E0CC8F0AC467B8E8CA24BA1B900BCAA9A9508B3A1DA1D89C1AD565B4442C22A748596FE6192B0139556C644B0326FC05A744A1B79836703B6F68AAAEBB5645CC17EE23FD375CC207F63C71145274D21E1D338EDCA2F92BB4CC174ECC51867D1CFA9BD930612DE753EBB5B00F5873E02A0D14EA878CB1144CADC95E7DE0B2352920ACC4F40426B065F9D568AC60C396E922AAD176C08603D345D417437F2F3B32A6ACD4CFB61DC014EA644C526AFEA04BBAD8C1FC656C67F863AFF6E176BA02CA56B2DD43F4330CA315F90FCCB560D3A53F21A5936DAAEB1ADC857F67F2BDE517268437DB4636E0FE8C1031F934B2DDD2F0880B99B2FE02FE918C9EB75C9FC6DB6103696804F95EE0B0A6F7C7F2544D78D9945F830D509BFBCE9A5224B26A13828B7EFF169C822AB32D7B1BCD48CA7B85BB278FDF9AAC418564CB918942898454E239FD580B63E7908F92CE8CABEC1B5FA16D62361F7F68031DB2FB66E2A79C457C98EC2125C9DBD99F261972E949B69BDAFC8F4F06C963A858DFD7BE7EE80D589ED289D796E02330B6F5D501E0CA0427F3F34390056506B3BF06DF46B95792163A8AEA55FF7BB92402EA0F9BC47313ACFC1211732E22ADE1F2C958C19CA077D36CD81E44AC4F8FBCAA357EDEBEB88168B40D2E1BF165643520B2C9171C37D25B3EAD7E43109DC4D1CA92D5CB8DADEB96D50D58684F5F836C71828BBCEFC2582E207BBA678AE8F6156537122618A752F9DD391AC6AEB71FE02C2BEEA270B4B4482C89E385BE4146B37ED6234B2BF745178CAAA3F9CFF0BB731CCF7A28D6D8A808942EE6AA05EFC0E6A18B23B974DDC79D59F9C56D21673B9C6DC0F8214C6CD3269818B66ED477B07F731CDDDAF4AA9357F3B38648E18A77B3A1EC43E1BDA4F92E8EA22C08B2E8B09DE5A8D9B33550B3EDF092EA27119178D047502D4ED8D2FE462F1FED1D6EEB510349F45F93720CD2AA4CE1357F389D9D40DCEB3BBF754314911D313504D39B8A1922542588F81F099C1DD40544F6BC2DF515AFCDDA5F643475619C5FD79CF33F992F78C3F71A30E932568BBCAA1B357C6AB85AFE6B9599C51BF1BA332801D58C3E99AFB3F6AC1E116E3017B5F5A7366FBB4634056BA2B47B76FDEC8DA740B6C1AFF15FD35E24E7247813DD47FD8DFEDE46987F1E5053185413519CF2C5CEE11C6EB29ECE2245DB876FDF541356AB9C479C235F1608CE47236C8F307777BAA926ACBE82983360BABDAA6301B0EFFA7DD711A61BF0B856AB6B7069197705391382438ADE1A76E71E6A0431D7EC2C6F0ED988CED5B6450F9DB2BA9BBEE1C95E8529641A0670E35F38ADE986318FA90F30681C6883BD4C38D7BA5BC7131206F51F4A048095CEF39A68A12B4740014C90DBDDA8E352B7CF3C956393149420C20D323A59C4DBED39623023941E39AE42F1136CAEB721BB77585AA66D18BA652DFD9ED734AA3F3273ADA4E1E9296801BDE7C79D8DBE0405DBC6B28FA87994C62393434663D8A99D0851C39FBCFA33627DDEED12504651F2C86800FCDC428F0E76358D8137AB0E9D78AC6B19AE55ECC0333BE943830EB41629326D9538DAC4A611878C9E81E7E8E9B4DA3C97DEC987EC960892361096CBE1069E614DDF54D158D06F37A739289DC6087144BDD05B0DA9B7F0DCACCB306E50385B4AA063723C32B950533CBE18523441EB006244A8E5FB01255BCC35172C039EBF86694E717B791FA29E0C6D3C3A570B3FF470325AC9472D4BF68A513DA74A9B686070F5F5418F77A68C790CBBEDADF54A31A468078479E27A97AD86B91388929CE933EAE535DA5A52E49AAF60C6015EA6461909DC6F6E6D357546EB70E0CC1A04C0E69E5C6A7F45CFDE36EB49A352676D513D896E404F5CADB7A6B93D3D0AF46417B7945BC83B301A9C614D2BF65E0C89BFC61078B42770DE05F3D00CEB6310FBAF4DFCBA68478A05E31EBD2F9F21C3DAC48F149A47FB3F6CDE1E18F952EA30B8148F8927B41954FCF315A119927A3B0ECBE4B3F2ED30A0FC248DA9AD9F6748D93E7D60304808B954EB2230223303B687B4D7319A7FD204320B2947DE90F9E985107A41AC51FF96D7229F56609AA32C32E5D4811E5E6D5282BD49CE50FB47FB2FC7229D0BD06B1B0935C289AF22D51D62DBA0A067AC37EC1B71FDC4E4E6C86D0BEF3840AF02301BDED7DD38E5E448F1E65900BE2EAE25C88953AE46225BB0118CE6C70B416FCED9BA5B8E6224E159C30EF8A0FCB630C73BD60BF53A203E37EB0CBD8D9A6630BE91ADD9AE23C480C519B09C22AD5DF7F988457F8F011AF8DDFA4BB918BADEB8C3F7FECF7928112758F81CA085345A8F8A3D7FDC575279F2F834E4C0826A76950B053D8B77E0A629AFF83D0E2AC65D95C12F7D3D4DB0E1864CF80436F93DEE7CE8BBF5086BBA94161342E0E61F7BD9F57171B7DC083A6CAFF011E8833E31BA9444D659A6043DCD66F226D2815E031ABD77E43843AD9DA2843D42DE168195E9975F68AFDA3986EDB55810D6BE06C74FC6E2F3D6BF40ECF676BB568A5CD54F7D101C531D8E24D9ACDA387AF5DACA2F48DC23E42C2EC9D880321F643C6BC976364F3E4753A99B1F9DECEDB4813A4A825B322D51D3CDFF810D26DEE2B626B621365EFE0E644F9B43AAA6B2BA1F1ADB3E89B6EF6B64D92D4D9FFD388E568D32F74675E07E72C3AC1B66FE2E9F8E2CDB10F0ED48F33152B3E23C156C6270BCE8BCBD9CC86664E9255554828522329B2ED684F207C104867C08A345BC9FE5EB249D6A65F772C99710FC0144C3FDDF10B2491A942AA514D85262D0A913065956F0DDEE77B3D5FB7299E7F3F969BD4E926B9A4EA7D334BD5E932459AF4FF37CB95ACD76B75B5330B47F0D50873CC20EB8AEE33893895762329914FFE0B83DA2D8D7C9E7BF633D040B5E1EC3116773A1CAA8F6DFFDC681CA9D78361988A8B4AA1B0ACFC12257E796FA08BEC63ED9BF64490B33C2DC2285F1248D9EC13F80C52CD192D9AFDB2DC0843EB69305FF03B1EFC7D6C2AA26A20000000049454E44AE426082, 'Authorized');
